Age group,year,week,case_definition,White,Black/African American,American Indian,Asian/Pacific Islander,Multiracial,Hispanic,webDate
65+,2022,5,At least one vaccine dose,99.50%,100%,84.50%,100%,86.90%,99.10%,2/11/2022
11-May,2022,5,At least one vaccine dose,36.70%,24%,32.20%,60.20%,26.70%,29.70%,2/11/2022
5+,2022,5,At least one vaccine dose,70.70%,67.20%,60.30%,86.20%,38.80%,70.50%,2/11/2022
45-64,2022,5,At least one vaccine dose,70.70%,89.80%,68.80%,96.10%,58.60%,89.60%,2/11/2022
19-44,2022,5,At least one vaccine dose,66%,68.10%,59.80%,84%,40%,76.90%,2/11/2022
18-Dec,2022,5,At least one vaccine dose,56.60%,61.10%,59.20%,90.40%,31.50%,65.50%,2/11/2022
12+,2022,5,At least one vaccine dose,73.70%,75.30%,65%,89.70%,42.40%,78.60%,2/11/2022
65+,2022,5,Completed vaccine series,95.10%,100%,81.50%,100%,81.80%,91.60%,2/11/2022
11-May,2022,5,Completed vaccine series,31.70%,15.60%,22.20%,46.10%,22.20%,20.90%,2/11/2022
5+,2022,5,Completed vaccine series,66.90%,59.10%,53.50%,79.10%,35.40%,62.60%,2/11/2022
45-64,2022,5,Completed vaccine series,68.30%,83.50%,63.80%,91.20%,56.10%,83.70%,2/11/2022
19-44,2022,5,Completed vaccine series,61.70%,59.20%,52.30%,77.40%,36.70%,68.50%,2/11/2022
18-Dec,2022,5,Completed vaccine series,53.50%,52.20%,52.30%,84%,29.20%,58.10%,2/11/2022
12+,2022,5,Completed vaccine series,70.10%,67.10%,58.70%,83.60%,39.50%,70.90%,2/11/2022
65+,2022,4,At least one vaccine dose,99.50%,100%,84.40%,100%,86.90%,98.80%,2/11/2022
11-May,2022,4,At least one vaccine dose,36.10%,22.40%,30.90%,57.80%,25.90%,28.30%,2/11/2022
5+,2022,4,At least one vaccine dose,70.50%,66.60%,59.90%,85.70%,38.50%,69.90%,2/11/2022
45-64,2022,4,At least one vaccine dose,70.60%,89.50%,68.70%,96%,58.50%,89.30%,2/11/2022
19-44,2022,4,At least one vaccine dose,65.90%,67.60%,59.50%,83.70%,39.90%,76.50%,2/11/2022
18-Dec,2022,4,At least one vaccine dose,56.40%,60.50%,58.80%,89.90%,31.30%,64.90%,2/11/2022
12+,2022,4,At least one vaccine dose,73.60%,74.80%,64.70%,89.50%,42.30%,78.10%,2/11/2022
65+,2022,4,Completed vaccine series,95.10%,100%,81.50%,100%,81.80%,91.50%,2/11/2022
11-May,2022,4,Completed vaccine series,30.80%,14.20%,21.10%,42.70%,21.20%,19.30%,2/11/2022
5+,2022,4,Completed vaccine series,66.70%,58.40%,53.10%,78.40%,35.10%,62%,2/11/2022
45-64,2022,4,Completed vaccine series,68.20%,83.20%,63.60%,91%,56%,83.40%,2/11/2022
19-44,2022,4,Completed vaccine series,61.50%,58.60%,51.90%,77.10%,36.60%,68%,2/11/2022
18-Dec,2022,4,Completed vaccine series,53.20%,51.40%,51.80%,83.30%,29%,57.50%,2/11/2022
12+,2022,4,Completed vaccine series,70%,66.60%,58.40%,83.30%,39.30%,70.50%,2/11/2022
65+,2022,3,At least one vaccine dose,99.50%,100%,84.30%,100%,86.80%,98.60%,2/11/2022
11-May,2022,3,At least one vaccine dose,35.30%,20.90%,29.90%,54.50%,25.10%,26.40%,2/11/2022
5+,2022,3,At least one vaccine dose,70.30%,65.80%,59.40%,84.90%,38.20%,69.10%,2/11/2022
45-64,2022,3,At least one vaccine dose,70.60%,89.10%,68.50%,95.70%,58.40%,88.90%,2/11/2022
19-44,2022,3,At least one vaccine dose,65.70%,66.90%,58.90%,83.30%,39.70%,75.90%,2/11/2022
18-Dec,2022,3,At least one vaccine dose,56.20%,59.60%,58.40%,89.10%,31.20%,64.20%,2/11/2022
12+,2022,3,At least one vaccine dose,73.50%,74.10%,64.30%,89%,42.10%,77.60%,2/11/2022
65+,2022,3,Completed vaccine series,95.10%,100%,81.50%,100%,81.70%,91.40%,2/11/2022
11-May,2022,3,Completed vaccine series,29.80%,12.60%,20.20%,39.90%,20.30%,17.80%,2/11/2022
5+,2022,3,Completed vaccine series,66.50%,57.70%,52.70%,77.90%,34.80%,61.40%,2/11/2022
45-64,2022,3,Completed vaccine series,68.10%,82.80%,63.40%,90.90%,55.90%,83.10%,2/11/2022
19-44,2022,3,Completed vaccine series,61.30%,58%,51.50%,76.80%,36.40%,67.60%,2/11/2022
18-Dec,2022,3,Completed vaccine series,52.90%,50.50%,51.50%,82.70%,28.80%,56.90%,2/11/2022
12+,2022,3,Completed vaccine series,69.80%,66.10%,58.10%,83%,39.20%,70.10%,2/11/2022
65+,2022,2,At least one vaccine dose,99.40%,100%,84.30%,100%,86.80%,98.30%,2/11/2022
11-May,2022,2,At least one vaccine dose,34.20%,19.20%,28.30%,51.30%,24.30%,24.80%,2/11/2022
5+,2022,2,At least one vaccine dose,70.10%,65%,58.90%,84.10%,37.80%,68.30%,2/11/2022
45-64,2022,2,At least one vaccine dose,70.40%,88.70%,68.20%,95.50%,58.30%,88.50%,2/11/2022
19-44,2022,2,At least one vaccine dose,65.40%,66.10%,58.40%,82.80%,39.40%,75.10%,2/11/2022
18-Dec,2022,2,At least one vaccine dose,55.90%,58.80%,57.80%,88.40%,31%,63.50%,2/11/2022
12+,2022,2,At least one vaccine dose,73.30%,73.50%,63.90%,88.60%,42%,76.90%,2/11/2022
65+,2022,2,Completed vaccine series,95%,100%,81.40%,100%,81.60%,91.20%,2/11/2022
11-May,2022,2,Completed vaccine series,28.80%,11.30%,19.20%,37%,19.50%,16.70%,2/11/2022
5+,2022,2,Completed vaccine series,66.30%,57.10%,52.30%,77.30%,34.50%,60.90%,2/11/2022
45-64,2022,2,Completed vaccine series,68%,82.50%,63.20%,90.70%,55.80%,82.90%,2/11/2022
19-44,2022,2,Completed vaccine series,61.10%,57.50%,51.10%,76.60%,36.30%,67.20%,2/11/2022
18-Dec,2022,2,Completed vaccine series,52.70%,49.90%,50.90%,82.10%,28.60%,56.50%,2/11/2022
12+,2022,2,Completed vaccine series,69.70%,65.60%,57.80%,82.80%,39%,69.70%,2/11/2022
65+,2022,1,At least one vaccine dose,99.30%,100%,84.20%,100%,86.60%,98%,2/11/2022
11-May,2022,1,At least one vaccine dose,33.20%,17.40%,26.60%,47.40%,23.30%,22.90%,2/11/2022
5+,2022,1,At least one vaccine dose,69.80%,64%,58.30%,83.20%,37.40%,67.40%,2/11/2022
45-64,2022,1,At least one vaccine dose,70.30%,88.20%,68%,95.10%,58.10%,88.10%,2/11/2022
19-44,2022,1,At least one vaccine dose,65.10%,65.30%,57.90%,82.20%,39.20%,74.40%,2/11/2022
18-Dec,2022,1,At least one vaccine dose,55.50%,57.70%,57.20%,87.50%,30.70%,62.70%,2/11/2022
12+,2022,1,At least one vaccine dose,73.10%,72.70%,63.50%,88%,41.70%,76.30%,2/11/2022
65+,2022,1,Completed vaccine series,95%,100%,81.30%,100%,81.40%,91.10%,2/11/2022
11-May,2022,1,Completed vaccine series,27.70%,9.90%,17.80%,34.10%,18.50%,15.20%,2/11/2022
5+,2022,1,Completed vaccine series,66.10%,56.50%,51.90%,76.70%,34.10%,60.40%,2/11/2022
45-64,2022,1,Completed vaccine series,67.80%,82.20%,63.10%,90.60%,55.60%,82.60%,2/11/2022
19-44,2022,1,Completed vaccine series,60.90%,56.90%,50.70%,76.30%,36.10%,66.80%,2/11/2022
18-Dec,2022,1,Completed vaccine series,52.40%,49.30%,50.50%,81.50%,28.50%,56%,2/11/2022
12+,2022,1,Completed vaccine series,69.50%,65.10%,57.50%,82.50%,38.90%,69.30%,2/11/2022
65+,2021,52,At least one vaccine dose,99.30%,100%,84.20%,100%,86.50%,97.60%,2/11/2022
11-May,2021,52,At least one vaccine dose,32.20%,15.60%,25.40%,44.30%,22.50%,21.20%,2/11/2022
5+,2021,52,At least one vaccine dose,69.50%,63.20%,57.80%,82.40%,37.10%,66.60%,2/11/2022
45-64,2021,52,At least one vaccine dose,70.10%,87.80%,67.70%,94.70%,57.80%,87.60%,2/11/2022
19-44,2021,52,At least one vaccine dose,64.70%,64.60%,57.40%,81.60%,39%,73.70%,2/11/2022
18-Dec,2021,52,At least one vaccine dose,55.30%,56.80%,56.60%,86.90%,30.50%,62%,2/11/2022
12+,2021,52,At least one vaccine dose,72.90%,72.10%,63.10%,87.50%,41.50%,75.60%,2/11/2022
65+,2021,52,Completed vaccine series,94.90%,100%,81.20%,100%,81.30%,91%,2/11/2022
11-May,2021,52,Completed vaccine series,25.70%,8.40%,15.80%,29.50%,17.10%,13.20%,2/11/2022
5+,2021,52,Completed vaccine series,65.80%,55.80%,51.30%,75.90%,33.70%,59.70%,2/11/2022
45-64,2021,52,Completed vaccine series,67.70%,81.90%,62.90%,90.40%,55.50%,82.30%,2/11/2022
19-44,2021,52,Completed vaccine series,60.70%,56.40%,50.30%,76%,35.90%,66.40%,2/11/2022
18-Dec,2021,52,Completed vaccine series,52.10%,48.70%,50.10%,80.80%,28.20%,55.50%,2/11/2022
12+,2021,52,Completed vaccine series,69.40%,64.60%,57.20%,82.20%,38.70%,68.90%,2/11/2022
65+,2021,51,At least one vaccine dose,99.20%,100%,84.10%,100%,86.30%,97.30%,2/11/2022
11-May,2021,51,At least one vaccine dose,31.10%,14.30%,24.60%,41.40%,21.60%,20%,2/11/2022
5+,2021,51,At least one vaccine dose,69.30%,62.60%,57.40%,81.70%,36.70%,66.10%,2/11/2022
45-64,2021,51,At least one vaccine dose,70%,87.50%,67.60%,94.40%,57.70%,87.30%,2/11/2022
19-44,2021,51,At least one vaccine dose,64.40%,64%,57%,81.20%,38.80%,73.30%,2/11/2022
18-Dec,2021,51,At least one vaccine dose,55%,56%,56.30%,86.40%,30.30%,61.60%,2/11/2022
12+,2021,51,At least one vaccine dose,72.70%,71.50%,62.80%,87.10%,41.30%,75.30%,2/11/2022
65+,2021,51,Completed vaccine series,94.90%,100%,81.20%,100%,81.20%,90.80%,2/11/2022
11-May,2021,51,Completed vaccine series,24%,7.30%,14.20%,26.60%,16%,11.80%,2/11/2022
5+,2021,51,Completed vaccine series,65.50%,55.30%,50.80%,75.30%,33.30%,59.20%,2/11/2022
45-64,2021,51,Completed vaccine series,67.60%,81.50%,62.70%,90.20%,55.30%,82.10%,2/11/2022
19-44,2021,51,Completed vaccine series,60.40%,55.90%,50%,75.70%,35.80%,66%,2/11/2022
18-Dec,2021,51,Completed vaccine series,51.80%,48.30%,49.80%,80.40%,28.10%,55.10%,2/11/2022
12+,2021,51,Completed vaccine series,69.20%,64.20%,56.90%,81.90%,38.60%,68.60%,2/11/2022
65+,2021,50,At least one vaccine dose,99.10%,100%,84%,100%,86.20%,97%,2/11/2022
11-May,2021,50,At least one vaccine dose,30.10%,12.90%,23.50%,38.60%,20.60%,18.60%,2/11/2022
5+,2021,50,At least one vaccine dose,69%,61.90%,57%,81%,36.40%,65.60%,2/11/2022
45-64,2021,50,At least one vaccine dose,69.80%,87.10%,67.40%,94.10%,57.60%,87.10%,2/11/2022
19-44,2021,50,At least one vaccine dose,64.10%,63.40%,56.60%,80.80%,38.50%,72.90%,2/11/2022
18-Dec,2021,50,At least one vaccine dose,54.80%,55.50%,55.90%,85.90%,30.20%,61.20%,2/11/2022
12+,2021,50,At least one vaccine dose,72.50%,71%,62.60%,86.70%,41.10%,74.90%,2/11/2022
65+,2021,50,Completed vaccine series,94.80%,100%,81.10%,100%,81.20%,90.70%,2/11/2022
11-May,2021,50,Completed vaccine series,22.30%,6.30%,12.60%,23.40%,14.80%,10.80%,2/11/2022
5+,2021,50,Completed vaccine series,65.20%,54.90%,50.40%,74.70%,32.90%,58.80%,2/11/2022
45-64,2021,50,Completed vaccine series,67.40%,81.30%,62.50%,90.10%,55.20%,81.90%,2/11/2022
19-44,2021,50,Completed vaccine series,60.20%,55.50%,49.60%,75.50%,35.70%,65.80%,2/11/2022
18-Dec,2021,50,Completed vaccine series,51.60%,47.90%,49.40%,80%,28%,54.80%,2/11/2022
12+,2021,50,Completed vaccine series,69.10%,63.90%,56.70%,81.70%,38.40%,68.40%,2/11/2022
65+,2021,49,At least one vaccine dose,99%,100%,83.80%,100%,86%,96.50%,2/11/2022
11-May,2021,49,At least one vaccine dose,28.50%,11%,21.80%,34.50%,19.30%,16.50%,2/11/2022
5+,2021,49,At least one vaccine dose,68.60%,61.20%,56.40%,80.10%,35.90%,64.80%,2/11/2022
45-64,2021,49,At least one vaccine dose,69.60%,86.70%,67.20%,93.70%,57.40%,86.60%,2/11/2022
19-44,2021,49,At least one vaccine dose,63.70%,62.80%,56.20%,80.30%,38.30%,72.40%,2/11/2022
18-Dec,2021,49,At least one vaccine dose,54.50%,54.80%,55.40%,85.30%,30%,60.80%,2/11/2022
12+,2021,49,At least one vaccine dose,72.20%,70.50%,62.20%,86.20%,40.90%,74.40%,2/11/2022
65+,2021,49,Completed vaccine series,94.70%,100%,81%,100%,81.10%,90.60%,2/11/2022
11-May,2021,49,Completed vaccine series,18.20%,4.50%,9.70%,17%,11.80%,8.10%,2/11/2022
5+,2021,49,Completed vaccine series,64.70%,54.20%,49.60%,73.70%,32.20%,58.10%,2/11/2022
45-64,2021,49,Completed vaccine series,67.30%,80.90%,62.20%,89.90%,55.10%,81.60%,2/11/2022
19-44,2021,49,Completed vaccine series,60%,55.10%,49.20%,75.30%,35.60%,65.40%,2/11/2022
18-Dec,2021,49,Completed vaccine series,51.30%,47.50%,48.60%,79.50%,27.80%,54.40%,2/11/2022
12+,2021,49,Completed vaccine series,68.90%,63.50%,56.30%,81.40%,38.30%,68%,2/11/2022
65+,2021,48,At least one vaccine dose,98.80%,100%,83.70%,100%,85.70%,96.10%,2/11/2022
11-May,2021,48,At least one vaccine dose,26.70%,9.50%,19.70%,31%,18.10%,14.40%,2/11/2022
5+,2021,48,At least one vaccine dose,68.20%,60.50%,55.80%,79.30%,35.40%,64%,2/11/2022
45-64,2021,48,At least one vaccine dose,69.40%,86.30%,66.90%,93.40%,57.20%,86.20%,2/11/2022
19-44,2021,48,At least one vaccine dose,63.40%,62.20%,55.70%,79.80%,38.10%,71.80%,2/11/2022
18-Dec,2021,48,At least one vaccine dose,54.30%,54.30%,55.10%,84.80%,29.90%,60.20%,2/11/2022
12+,2021,48,At least one vaccine dose,72%,70%,61.80%,85.80%,40.70%,73.90%,2/11/2022
65+,2021,48,Completed vaccine series,94.60%,100%,81%,100%,80.90%,90.40%,2/11/2022
11-May,2021,48,Completed vaccine series,11%,2.10%,6%,8.30%,6.90%,4.30%,2/11/2022
5+,2021,48,Completed vaccine series,63.90%,53.50%,48.80%,72.40%,30.90%,57.20%,2/11/2022
45-64,2021,48,Completed vaccine series,67.10%,80.60%,61.90%,89.70%,55%,81.30%,2/11/2022
19-44,2021,48,Completed vaccine series,59.70%,54.60%,48.90%,75%,35.40%,65%,2/11/2022
18-Dec,2021,48,Completed vaccine series,50.90%,47%,48%,78.90%,27.60%,53.90%,2/11/2022
12+,2021,48,Completed vaccine series,68.70%,63.10%,55.90%,81.10%,38.10%,67.70%,2/11/2022
65+,2021,47,At least one vaccine dose,98.60%,100%,83.50%,100%,85.40%,95.60%,2/11/2022
11-May,2021,47,At least one vaccine dose,24.70%,8%,16.80%,27.20%,16.70%,12.70%,2/11/2022
5+,2021,47,At least one vaccine dose,67.80%,59.80%,54.90%,78.40%,35%,63.30%,2/11/2022
45-64,2021,47,At least one vaccine dose,69.20%,85.80%,66.40%,93%,57.10%,85.70%,2/11/2022
19-44,2021,47,At least one vaccine dose,63%,61.50%,54.90%,79.40%,37.90%,71.20%,2/11/2022
18-Dec,2021,47,At least one vaccine dose,53.90%,53.70%,54.10%,84.30%,29.70%,59.70%,2/11/2022
12+,2021,47,At least one vaccine dose,71.70%,69.40%,61.20%,85.40%,40.50%,73.30%,2/11/2022
65+,2021,47,Completed vaccine series,94.50%,100%,80.70%,100%,80.80%,90.30%,2/11/2022
11-May,2021,47,Completed vaccine series,1.60%,0.20%,0.50%,0.70%,1.10%,0.40%,2/11/2022
5+,2021,47,Completed vaccine series,62.90%,52.80%,47.50%,71.20%,29.30%,56.10%,2/11/2022
45-64,2021,47,Completed vaccine series,66.90%,80.20%,61.50%,89.50%,54.80%,81%,2/11/2022
19-44,2021,47,Completed vaccine series,59.40%,54%,48.20%,74.60%,35.20%,64.50%,2/11/2022
18-Dec,2021,47,Completed vaccine series,50.30%,46.50%,46.90%,78.20%,27.20%,53.30%,2/11/2022
12+,2021,47,Completed vaccine series,68.40%,62.60%,55.30%,80.80%,37.90%,67.20%,2/11/2022
65+,2021,46,At least one vaccine dose,98.40%,100%,83.40%,100%,85.30%,95.30%,2/11/2022
11-May,2021,46,At least one vaccine dose,21.10%,6.10%,14.10%,21.10%,13.90%,10.20%,2/11/2022
5+,2021,46,At least one vaccine dose,67.30%,59.10%,54.20%,77.40%,34.20%,62.60%,2/11/2022
45-64,2021,46,At least one vaccine dose,69%,85.50%,66.20%,92.80%,56.90%,85.40%,2/11/2022
19-44,2021,46,At least one vaccine dose,62.70%,61.10%,54.50%,79%,37.70%,70.80%,2/11/2022
18-Dec,2021,46,At least one vaccine dose,53.60%,53.30%,53.60%,83.80%,29.60%,59.30%,2/11/2022
12+,2021,46,At least one vaccine dose,71.40%,69%,60.80%,85%,40.40%,73%,2/11/2022
65+,2021,46,Completed vaccine series,94.40%,100%,80.60%,100%,80.70%,90%,2/11/2022
11-May,2021,46,Completed vaccine series,0%,0%,0%,0%,0%,0%,2/11/2022
5+,2021,46,Completed vaccine series,62.60%,52.40%,47.20%,70.90%,28.90%,55.80%,2/11/2022
45-64,2021,46,Completed vaccine series,66.70%,79.90%,61.40%,89.30%,54.70%,80.80%,2/11/2022
19-44,2021,46,Completed vaccine series,59.20%,53.60%,47.90%,74.40%,35.10%,64.20%,2/11/2022
18-Dec,2021,46,Completed vaccine series,49.90%,46.10%,46.40%,77.70%,27%,52.90%,2/11/2022
12+,2021,46,Completed vaccine series,68.20%,62.20%,55.10%,80.50%,37.70%,66.90%,2/11/2022
65+,2021,45,At least one vaccine dose,98.10%,100%,83.20%,100%,85%,94.80%,2/11/2022
11-May,2021,45,At least one vaccine dose,13.40%,2.90%,8.60%,10.80%,8.40%,5.50%,2/11/2022
5+,2021,45,At least one vaccine dose,66.30%,58.20%,52.90%,75.80%,32.80%,61.40%,2/11/2022
45-64,2021,45,At least one vaccine dose,68.80%,85.10%,65.70%,92.50%,56.70%,85.10%,2/11/2022
19-44,2021,45,At least one vaccine dose,62.30%,60.50%,53.80%,78.70%,37.50%,70.30%,2/11/2022
18-Dec,2021,45,At least one vaccine dose,53.20%,52.70%,52.70%,83.20%,29.30%,58.70%,2/11/2022
12+,2021,45,At least one vaccine dose,71.10%,68.50%,60.20%,84.70%,40.20%,72.50%,2/11/2022
65+,2021,45,Completed vaccine series,94.10%,100%,80.40%,100%,80.60%,89.70%,2/11/2022
11-May,2021,45,Completed vaccine series,0%,0%,0%,0%,0%,0%,2/11/2022
5+,2021,45,Completed vaccine series,62.30%,52%,46.90%,70.60%,28.80%,55.50%,2/11/2022
45-64,2021,45,Completed vaccine series,66.50%,79.50%,61%,89.10%,54.60%,80.50%,2/11/2022
19-44,2021,45,Completed vaccine series,58.90%,53.10%,47.50%,74.10%,34.90%,63.80%,2/11/2022
18-Dec,2021,45,Completed vaccine series,49.50%,45.60%,45.90%,77.20%,26.80%,52.40%,2/11/2022
12+,2021,45,Completed vaccine series,67.90%,61.70%,54.70%,80.20%,37.60%,66.50%,2/11/2022
65+,2021,44,At least one vaccine dose,97.80%,100%,83.10%,100%,84.60%,94.30%,2/11/2022
11-May,2021,44,At least one vaccine dose,2.70%,0.40%,1.60%,1.40%,1.70%,0.80%,2/11/2022
5+,2021,44,At least one vaccine dose,65.20%,57.40%,51.50%,74.40%,31%,60.20%,2/11/2022
45-64,2021,44,At least one vaccine dose,68.60%,84.80%,65.50%,92.20%,56.60%,84.70%,2/11/2022
19-44,2021,44,At least one vaccine dose,62%,60%,53.40%,78.30%,37.30%,69.80%,2/11/2022
18-Dec,2021,44,At least one vaccine dose,52.70%,52.10%,51.70%,82.60%,29%,58%,2/11/2022
12+,2021,44,At least one vaccine dose,70.80%,68%,59.80%,84.30%,39.90%,72%,2/11/2022
65+,2021,44,Completed vaccine series,93.90%,100%,80.30%,100%,80.50%,89.50%,2/11/2022
11-May,2021,44,Completed vaccine series,0%,0%,0%,0%,0%,0%,2/11/2022
5+,2021,44,Completed vaccine series,62.10%,51.60%,46.60%,70.30%,28.70%,55.10%,2/11/2022
45-64,2021,44,Completed vaccine series,66.30%,79.20%,60.80%,88.80%,54.40%,80.20%,2/11/2022
19-44,2021,44,Completed vaccine series,58.70%,52.50%,47.10%,73.70%,34.70%,63.30%,2/11/2022
18-Dec,2021,44,Completed vaccine series,49.20%,45%,45.40%,76.60%,26.50%,51.90%,2/11/2022
12+,2021,44,Completed vaccine series,67.70%,61.20%,54.30%,79.90%,37.40%,66.10%,2/11/2022
65+,2021,43,At least one vaccine dose,97.40%,100%,82.80%,100%,84.30%,94%,2/11/2022
11-May,2021,43,At least one vaccine dose,0.10%,0%,0%,0%,0%,0%,2/11/2022
5+,2021,43,At least one vaccine dose,64.70%,57%,51%,73.90%,30.40%,59.70%,2/11/2022
45-64,2021,43,At least one vaccine dose,68.40%,84.50%,65.20%,91.90%,56.40%,84.40%,2/11/2022
19-44,2021,43,At least one vaccine dose,61.70%,59.50%,53%,78%,37.10%,69.40%,2/11/2022
18-Dec,2021,43,At least one vaccine dose,52.30%,51.50%,51.10%,82%,28.70%,57.50%,2/11/2022
12+,2021,43,At least one vaccine dose,70.50%,67.60%,59.40%,83.90%,39.70%,71.60%,2/11/2022
65+,2021,43,Completed vaccine series,93.70%,100%,80.10%,100%,80.30%,89.20%,2/11/2022
11-May,2021,43,Completed vaccine series,0%,0%,0%,0%,0%,0%,2/11/2022
5+,2021,43,Completed vaccine series,61.90%,51.20%,46.20%,70.10%,28.60%,54.80%,2/11/2022
45-64,2021,43,Completed vaccine series,66.10%,78.80%,60.50%,88.60%,54.30%,79.90%,2/11/2022
19-44,2021,43,Completed vaccine series,58.40%,51.90%,46.60%,73.40%,34.60%,62.80%,2/11/2022
18-Dec,2021,43,Completed vaccine series,48.90%,44.50%,44.80%,76.10%,26.40%,51.50%,2/11/2022
12+,2021,43,Completed vaccine series,67.50%,60.70%,53.90%,79.60%,37.20%,65.70%,2/11/2022
65+,2021,42,At least one vaccine dose,96.90%,100%,82.60%,100%,83.60%,93.50%,2/11/2022
11-May,2021,42,At least one vaccine dose,0.10%,0%,0%,0%,0%,0%,2/11/2022
5+,2021,42,At least one vaccine dose,64.40%,56.50%,50.50%,73.60%,30.30%,59.30%,2/11/2022
45-64,2021,42,At least one vaccine dose,68.20%,84.10%,64.80%,91.70%,56.30%,84.10%,2/11/2022
19-44,2021,42,At least one vaccine dose,61.40%,58.90%,52.40%,77.70%,36.90%,68.90%,2/11/2022
18-Dec,2021,42,At least one vaccine dose,51.90%,51%,50.60%,81.40%,28.50%,57%,2/11/2022
12+,2021,42,At least one vaccine dose,70.20%,67%,58.90%,83.60%,39.50%,71.10%,2/11/2022
65+,2021,42,Completed vaccine series,93.50%,100%,80%,100%,80.10%,88.90%,2/11/2022
45-64,2021,42,Completed vaccine series,65.90%,78.30%,60.10%,88.40%,54.10%,79.60%,2/11/2022
19-44,2021,42,Completed vaccine series,58.10%,51.30%,46.10%,73.10%,34.30%,62.30%,2/11/2022
18-Dec,2021,42,Completed vaccine series,48.60%,43.90%,44.30%,75.70%,26.20%,50.90%,2/11/2022
12+,2021,42,Completed vaccine series,67.20%,60.20%,53.50%,79.30%,37%,65.20%,2/11/2022
65+,2021,41,At least one vaccine dose,96.70%,100%,82.50%,100%,83.30%,93.20%,2/11/2022
11-May,2021,41,At least one vaccine dose,0.10%,0%,0%,0%,0%,0%,2/11/2022
5+,2021,41,At least one vaccine dose,64.20%,56%,50.20%,73.30%,30.10%,59%,2/11/2022
45-64,2021,41,At least one vaccine dose,68%,83.70%,64.60%,91.50%,56.10%,83.80%,2/11/2022
19-44,2021,41,At least one vaccine dose,61.10%,58.20%,52%,77.30%,36.70%,68.50%,2/11/2022
18-Dec,2021,41,At least one vaccine dose,51.60%,50.30%,50%,80.80%,28.20%,56.50%,2/11/2022
12+,2021,41,At least one vaccine dose,69.90%,66.50%,58.60%,83.30%,39.30%,70.70%,2/11/2022
65+,2021,41,Completed vaccine series,93.40%,100%,79.90%,100%,80%,88.70%,2/11/2022
11-May,2021,41,Completed vaccine series,0%,0%,0%,0%,0%,0%,2/11/2022
5+,2021,41,Completed vaccine series,61.50%,50.20%,45.50%,69.50%,28.20%,54%,2/11/2022
45-64,2021,41,Completed vaccine series,65.70%,77.90%,59.80%,88.20%,53.90%,79.30%,2/11/2022
19-44,2021,41,Completed vaccine series,57.80%,50.60%,45.60%,72.70%,34.10%,61.80%,2/11/2022
18-Dec,2021,41,Completed vaccine series,48.30%,43.30%,43.60%,75%,26%,50.30%,2/11/2022
12+,2021,41,Completed vaccine series,67%,59.60%,53%,78.90%,36.80%,64.70%,2/11/2022
65+,2021,40,At least one vaccine dose,96.50%,100%,82.30%,100%,83.10%,92.90%,2/11/2022
11-May,2021,40,At least one vaccine dose,0.10%,0%,0%,0%,0%,0%,2/11/2022
5+,2021,40,At least one vaccine dose,64%,55.60%,49.90%,73%,30%,58.60%,2/11/2022
45-64,2021,40,At least one vaccine dose,67.80%,83.30%,64.40%,91.30%,56%,83.40%,2/11/2022
19-44,2021,40,At least one vaccine dose,60.80%,57.60%,51.40%,77%,36.50%,67.90%,2/11/2022
18-Dec,2021,40,At least one vaccine dose,51.30%,49.80%,49.40%,80.30%,28.10%,56%,2/11/2022
12+,2021,40,At least one vaccine dose,69.70%,65.90%,58.10%,83%,39.10%,70.20%,2/11/2022
65+,2021,40,Completed vaccine series,93.30%,100%,79.80%,100%,79.90%,88.50%,2/11/2022
11-May,2021,40,Completed vaccine series,0%,0%,0%,0%,0%,0%,2/11/2022
5+,2021,40,Completed vaccine series,61.20%,49.70%,45%,69.20%,28.10%,53.60%,2/11/2022
45-64,2021,40,Completed vaccine series,65.50%,77.30%,59.40%,88.10%,53.70%,79%,2/11/2022
19-44,2021,40,Completed vaccine series,57.50%,50%,44.90%,72.40%,33.90%,61.20%,2/11/2022
18-Dec,2021,40,Completed vaccine series,47.90%,42.60%,42.60%,74.40%,25.70%,49.70%,2/11/2022
12+,2021,40,Completed vaccine series,66.70%,59%,52.40%,78.60%,36.60%,64.20%,2/11/2022
65+,2021,39,At least one vaccine dose,96.20%,100%,82.10%,100%,82.60%,92.50%,2/11/2022
11-May,2021,39,At least one vaccine dose,0.10%,0%,0%,0%,0%,0%,2/11/2022
5+,2021,39,At least one vaccine dose,63.80%,55.10%,49.50%,72.80%,29.80%,58.20%,2/11/2022
45-64,2021,39,At least one vaccine dose,67.60%,82.90%,64%,91.10%,55.80%,83.20%,2/11/2022
19-44,2021,39,At least one vaccine dose,60.50%,56.90%,50.90%,76.70%,36.30%,67.40%,2/11/2022
18-Dec,2021,39,At least one vaccine dose,51%,49.20%,48.90%,79.80%,27.90%,55.40%,2/11/2022
12+,2021,39,At least one vaccine dose,69.50%,65.30%,57.70%,82.70%,38.90%,69.80%,2/11/2022
65+,2021,39,Completed vaccine series,93.10%,100%,79.50%,100%,79.70%,88.20%,2/11/2022
11-May,2021,39,Completed vaccine series,0%,0%,0%,0%,0%,0%,2/11/2022
5+,2021,39,Completed vaccine series,61%,49.20%,44.40%,68.90%,27.90%,53.10%,2/11/2022
45-64,2021,39,Completed vaccine series,65.30%,76.90%,58.80%,87.80%,53.50%,78.70%,2/11/2022
19-44,2021,39,Completed vaccine series,57.10%,49.20%,44.10%,72%,33.70%,60.70%,2/11/2022
18-Dec,2021,39,Completed vaccine series,47.50%,41.90%,41.60%,73.70%,25.50%,49.10%,2/11/2022
12+,2021,39,Completed vaccine series,66.50%,58.30%,51.80%,78.20%,36.40%,63.70%,2/11/2022
65+,2021,38,At least one vaccine dose,95.80%,100%,81.90%,100%,82.20%,92.30%,2/11/2022
11-May,2021,38,At least one vaccine dose,0.10%,0%,0%,0%,0%,0%,2/11/2022
5+,2021,38,At least one vaccine dose,63.50%,54.50%,49%,72.40%,29.60%,57.80%,2/11/2022
45-64,2021,38,At least one vaccine dose,67.50%,82.40%,63.50%,90.90%,55.60%,82.80%,2/11/2022
19-44,2021,38,At least one vaccine dose,60.20%,56.10%,50.10%,76.30%,36%,66.80%,2/11/2022
18-Dec,2021,38,At least one vaccine dose,50.70%,48.60%,48.20%,79.20%,27.70%,54.90%,2/11/2022
12+,2021,38,At least one vaccine dose,69.20%,64.60%,57.10%,82.30%,38.60%,69.20%,2/11/2022
65+,2021,38,Completed vaccine series,93%,100%,79.40%,100%,79.60%,87.90%,2/11/2022
11-May,2021,38,Completed vaccine series,0%,0%,0%,0%,0%,0%,2/11/2022
5+,2021,38,Completed vaccine series,60.70%,48.60%,43.90%,68.50%,27.70%,52.70%,2/11/2022
45-64,2021,38,Completed vaccine series,65.10%,76.30%,58.50%,87.60%,53.30%,78.30%,2/11/2022
19-44,2021,38,Completed vaccine series,56.70%,48.50%,43.50%,71.60%,33.40%,60.10%,2/11/2022
18-Dec,2021,38,Completed vaccine series,47%,41.10%,40.50%,72.80%,25.20%,48.30%,2/11/2022
12+,2021,38,Completed vaccine series,66.20%,57.70%,51.20%,77.80%,36.10%,63.10%,2/11/2022
65+,2021,37,At least one vaccine dose,95.60%,100%,81.70%,100%,82%,91.90%,2/11/2022
11-May,2021,37,At least one vaccine dose,0%,0%,0%,0%,0%,0%,2/11/2022
5+,2021,37,At least one vaccine dose,63.20%,53.90%,48.40%,72.10%,29.50%,57.30%,2/11/2022
45-64,2021,37,At least one vaccine dose,67.20%,81.90%,63%,90.70%,55.50%,82.50%,2/11/2022
19-44,2021,37,At least one vaccine dose,59.90%,55.30%,49.30%,75.90%,35.80%,66.10%,2/11/2022
18-Dec,2021,37,At least one vaccine dose,50.30%,47.80%,47%,78.60%,27.40%,54.30%,2/11/2022
12+,2021,37,At least one vaccine dose,68.90%,64%,56.40%,81.90%,38.40%,68.60%,2/11/2022
65+,2021,37,Completed vaccine series,92.90%,100%,79%,100%,79.50%,87.80%,2/11/2022
11-May,2021,37,Completed vaccine series,0%,0%,0%,0%,0%,0%,2/11/2022
5+,2021,37,Completed vaccine series,60.40%,47.90%,43.30%,68%,27.50%,52%,2/11/2022
45-64,2021,37,Completed vaccine series,64.80%,75.70%,58.10%,87.40%,53.10%,77.70%,2/11/2022
19-44,2021,37,Completed vaccine series,56.20%,47.70%,42.70%,71.10%,33.10%,59.30%,2/11/2022
18-Dec,2021,37,Completed vaccine series,46.20%,39.70%,39.10%,71.40%,24.70%,47%,2/11/2022
12+,2021,37,Completed vaccine series,65.80%,56.80%,50.50%,77.30%,35.80%,62.40%,2/11/2022
65+,2021,36,At least one vaccine dose,95.50%,100%,81.70%,100%,81.90%,91.60%,2/11/2022
11-May,2021,36,At least one vaccine dose,0%,0%,0%,0%,0%,0%,2/11/2022
5+,2021,36,At least one vaccine dose,62.90%,53.20%,47.70%,71.80%,29.30%,56.70%,2/11/2022
45-64,2021,36,At least one vaccine dose,67%,81.20%,62.50%,90.50%,55.20%,82.10%,2/11/2022
19-44,2021,36,At least one vaccine dose,59.40%,54.40%,48.50%,75.50%,35.50%,65.40%,2/11/2022
18-Dec,2021,36,At least one vaccine dose,49.90%,46.90%,45.80%,77.90%,27.10%,53.50%,2/11/2022
12+,2021,36,At least one vaccine dose,68.60%,63.20%,55.70%,81.50%,38.10%,68%,2/11/2022
65+,2021,36,Completed vaccine series,92.70%,100%,79%,100%,79.30%,87.50%,2/11/2022
11-May,2021,36,Completed vaccine series,0%,0%,0%,0%,0%,0%,2/11/2022
5+,2021,36,Completed vaccine series,60%,47.10%,42.60%,67.50%,27.10%,51.20%,2/11/2022
45-64,2021,36,Completed vaccine series,64.40%,75%,57.50%,87%,52.70%,77.20%,2/11/2022
19-44,2021,36,Completed vaccine series,55.70%,46.70%,41.90%,70.50%,32.80%,58.30%,2/11/2022
18-Dec,2021,36,Completed vaccine series,45.30%,38.10%,37.70%,69.80%,24.20%,45.50%,2/11/2022
12+,2021,36,Completed vaccine series,65.40%,55.80%,49.70%,76.60%,35.40%,61.40%,2/11/2022
65+,2021,35,At least one vaccine dose,95.40%,100%,81.50%,100%,81.90%,91.30%,2/11/2022
11-May,2021,35,At least one vaccine dose,0%,0%,0%,0%,0%,0%,2/11/2022
5+,2021,35,At least one vaccine dose,62.70%,52.60%,47.20%,71.40%,29%,56.20%,2/11/2022
45-64,2021,35,At least one vaccine dose,66.70%,80.70%,62%,90.20%,54.90%,81.70%,2/11/2022
19-44,2021,35,At least one vaccine dose,59%,53.50%,47.70%,75%,35.20%,64.70%,2/11/2022
18-Dec,2021,35,At least one vaccine dose,49.40%,45.90%,44.60%,77%,26.80%,52.60%,2/11/2022
12+,2021,35,At least one vaccine dose,68.30%,62.40%,55%,81.10%,37.90%,67.40%,2/11/2022
65+,2021,35,Completed vaccine series,92.60%,100%,78.80%,100%,79.10%,87.10%,2/11/2022
11-May,2021,35,Completed vaccine series,0%,0%,0%,0%,0%,0%,2/11/2022
5+,2021,35,Completed vaccine series,59.60%,46.20%,42%,66.80%,26.80%,50.30%,2/11/2022
45-64,2021,35,Completed vaccine series,64.10%,74.20%,56.90%,86.60%,52.30%,76.50%,2/11/2022
19-44,2021,35,Completed vaccine series,55.10%,45.70%,41.10%,69.90%,32.40%,57.30%,2/11/2022
18-Dec,2021,35,Completed vaccine series,44.10%,36.30%,36.30%,68%,23.50%,43.60%,2/11/2022
12+,2021,35,Completed vaccine series,64.90%,54.80%,49%,75.90%,34.90%,60.30%,2/11/2022
65+,2021,34,At least one vaccine dose,95.20%,100%,81.20%,100%,81.60%,91%,2/11/2022
11-May,2021,34,At least one vaccine dose,0%,0%,0%,0%,0%,0%,2/11/2022
5+,2021,34,At least one vaccine dose,62.30%,51.80%,46.50%,70.80%,28.70%,55.50%,2/11/2022
45-64,2021,34,At least one vaccine dose,66.40%,80%,61.60%,90%,54.70%,81.20%,2/11/2022
19-44,2021,34,At least one vaccine dose,58.40%,52.60%,46.90%,74.40%,34.80%,63.80%,2/11/2022
18-Dec,2021,34,At least one vaccine dose,48.30%,44.10%,42.70%,75.20%,26.20%,51%,2/11/2022
12+,2021,34,At least one vaccine dose,67.80%,61.40%,54.20%,80.40%,37.40%,66.50%,2/11/2022
65+,2021,34,Completed vaccine series,92.40%,100%,78.50%,100%,78.90%,86.70%,2/11/2022
11-May,2021,34,Completed vaccine series,0%,0%,0%,0%,0%,0%,2/11/2022
5+,2021,34,Completed vaccine series,59%,45.20%,41%,66.20%,26.40%,49.30%,2/11/2022
45-64,2021,34,Completed vaccine series,63.60%,73.30%,56.20%,86.20%,51.90%,75.70%,2/11/2022
19-44,2021,34,Completed vaccine series,54.50%,44.70%,40.10%,69.20%,32%,56.20%,2/11/2022
18-Dec,2021,34,Completed vaccine series,42.30%,34%,33.40%,65.90%,22.50%,41.50%,2/11/2022
12+,2021,34,Completed vaccine series,64.30%,53.70%,47.90%,75.20%,34.40%,59.10%,2/11/2022
65+,2021,33,At least one vaccine dose,95.10%,100%,80.90%,100%,81.40%,90.70%,2/11/2022
11-May,2021,33,At least one vaccine dose,0%,0%,0%,0%,0%,0%,2/11/2022
5+,2021,33,At least one vaccine dose,61.90%,50.90%,45.70%,70.20%,28.40%,54.60%,2/11/2022
45-64,2021,33,At least one vaccine dose,66.10%,79.30%,61%,89.70%,54.40%,80.60%,2/11/2022
19-44,2021,33,At least one vaccine dose,57.90%,51.50%,45.90%,73.90%,34.50%,62.70%,2/11/2022
18-Dec,2021,33,At least one vaccine dose,47.40%,42.20%,41.30%,73.40%,25.60%,49.40%,2/11/2022
12+,2021,33,At least one vaccine dose,67.40%,60.30%,53.30%,79.80%,37%,65.40%,2/11/2022
65+,2021,33,Completed vaccine series,92.20%,99.50%,78.20%,100%,78.70%,86.30%,2/11/2022
11-May,2021,33,Completed vaccine series,0%,0%,0%,0%,0%,0%,2/11/2022
5+,2021,33,Completed vaccine series,58.40%,44.20%,40.30%,65.50%,25.90%,48.30%,2/11/2022
45-64,2021,33,Completed vaccine series,63.10%,72.40%,55.60%,85.70%,51.50%,74.90%,2/11/2022
19-44,2021,33,Completed vaccine series,53.90%,43.70%,39.30%,68.60%,31.60%,55%,2/11/2022
18-Dec,2021,33,Completed vaccine series,40.40%,31.70%,31.50%,63.70%,21.50%,39.50%,2/11/2022
12+,2021,33,Completed vaccine series,63.70%,52.40%,47%,74.40%,33.80%,57.90%,2/11/2022
65+,2021,32,At least one vaccine dose,94.90%,100%,80.70%,100%,81.30%,90.20%,2/11/2022
11-May,2021,32,At least one vaccine dose,0%,0%,0%,0%,0%,0%,2/11/2022
5+,2021,32,At least one vaccine dose,61.40%,49.90%,44.80%,69.60%,28%,53.50%,2/11/2022
45-64,2021,32,At least one vaccine dose,65.70%,78.40%,60.30%,89.20%,53.90%,79.90%,2/11/2022
19-44,2021,32,At least one vaccine dose,57.20%,50.40%,44.90%,73.20%,34.10%,61.50%,2/11/2022
18-Dec,2021,32,At least one vaccine dose,46%,40%,39.20%,71.40%,24.80%,47.10%,2/11/2022
12+,2021,32,At least one vaccine dose,66.90%,59.10%,52.30%,79%,36.50%,64.20%,2/11/2022
65+,2021,32,Completed vaccine series,92%,99%,77.90%,100%,78.30%,85.80%,2/11/2022
45-64,2021,32,Completed vaccine series,62.70%,71.50%,55.10%,85.30%,51%,74.20%,2/11/2022
19-44,2021,32,Completed vaccine series,53.40%,42.70%,38.60%,68%,31.20%,54.10%,2/11/2022
18-Dec,2021,32,Completed vaccine series,39.10%,30.10%,30.20%,61.90%,20.90%,37.80%,2/11/2022
12+,2021,32,Completed vaccine series,63.20%,51.40%,46.30%,73.70%,33.30%,56.90%,2/11/2022
65+,2021,31,At least one vaccine dose,94.70%,100%,80.60%,100%,81.10%,89.80%,2/11/2022
11-May,2021,31,At least one vaccine dose,0%,0%,0%,0%,0%,0%,2/11/2022
5+,2021,31,At least one vaccine dose,60.70%,48.60%,43.70%,68.80%,27.50%,52.30%,2/11/2022
45-64,2021,31,At least one vaccine dose,65.10%,77.40%,59.40%,88.70%,53.30%,79%,2/11/2022
19-44,2021,31,At least one vaccine dose,56.50%,49%,43.50%,72.40%,33.60%,60.20%,2/11/2022
18-Dec,2021,31,At least one vaccine dose,44.10%,37.20%,36.30%,69.10%,23.80%,44.70%,2/11/2022
12+,2021,31,At least one vaccine dose,66.20%,57.70%,51%,78.10%,35.80%,62.80%,2/11/2022
65+,2021,31,Completed vaccine series,91.90%,98.50%,77.80%,100%,78%,85.30%,2/11/2022
11-May,2021,31,Completed vaccine series,0%,0%,0%,0%,0%,0%,2/11/2022
5+,2021,31,Completed vaccine series,57.70%,42.70%,39.20%,64.40%,25.30%,46.80%,2/11/2022
45-64,2021,31,Completed vaccine series,62.40%,70.80%,54.60%,84.90%,50.80%,73.60%,2/11/2022
19-44,2021,31,Completed vaccine series,53%,42%,37.90%,67.50%,31%,53.40%,2/11/2022
18-Dec,2021,31,Completed vaccine series,38.10%,28.90%,29.10%,60.50%,20.30%,36.50%,2/11/2022
12+,2021,31,Completed vaccine series,62.90%,50.70%,45.70%,73.10%,33%,56.10%,2/11/2022
65+,2021,30,At least one vaccine dose,94.50%,100%,80.20%,100%,80.80%,89.30%,2/11/2022
11-May,2021,30,At least one vaccine dose,0%,0%,0%,0%,0%,0%,2/11/2022
5+,2021,30,At least one vaccine dose,60.10%,47.30%,42.80%,68%,27%,51.10%,2/11/2022
45-64,2021,30,At least one vaccine dose,64.50%,76.20%,58.60%,88.10%,52.80%,78.10%,2/11/2022
19-44,2021,30,At least one vaccine dose,55.60%,47.50%,42.50%,71.60%,33%,58.70%,2/11/2022
18-Dec,2021,30,At least one vaccine dose,42%,34.60%,34.30%,66.80%,22.70%,42.40%,2/11/2022
12+,2021,30,At least one vaccine dose,65.40%,56.10%,49.90%,77.20%,35.20%,61.30%,2/11/2022
65+,2021,30,Completed vaccine series,91.80%,97.90%,77.70%,100%,77.70%,85%,2/11/2022
11-May,2021,30,Completed vaccine series,0%,0%,0%,0%,0%,0%,2/11/2022
5+,2021,30,Completed vaccine series,57.40%,42%,38.70%,63.90%,25.10%,46.20%,2/11/2022
45-64,2021,30,Completed vaccine series,62.10%,70.10%,54.10%,84.50%,50.40%,73%,2/11/2022
19-44,2021,30,Completed vaccine series,52.70%,41.20%,37.40%,67%,30.80%,52.70%,2/11/2022
18-Dec,2021,30,Completed vaccine series,37.40%,27.70%,28.20%,59.10%,19.80%,35.30%,2/11/2022
12+,2021,30,Completed vaccine series,62.60%,49.90%,45.20%,72.60%,32.70%,55.40%,2/11/2022
65+,2021,29,At least one vaccine dose,94.30%,100%,79.90%,100%,80.50%,88.80%,2/11/2022
11-May,2021,29,At least one vaccine dose,0%,0%,0%,0%,0%,0%,2/11/2022
5+,2021,29,At least one vaccine dose,59.60%,46.30%,42.20%,67.30%,26.60%,50.10%,2/11/2022
45-64,2021,29,At least one vaccine dose,64%,75.30%,58.10%,87.60%,52.40%,77.20%,2/11/2022
19-44,2021,29,At least one vaccine dose,55.10%,46.30%,41.70%,70.90%,32.60%,57.50%,2/11/2022
18-Dec,2021,29,At least one vaccine dose,40.60%,32.70%,32.70%,64.80%,21.90%,40.50%,2/11/2022
12+,2021,29,At least one vaccine dose,64.90%,54.90%,49.20%,76.40%,34.60%,60%,2/11/2022
65+,2021,29,Completed vaccine series,91.60%,97.40%,77.50%,100%,77.50%,84.40%,2/11/2022
11-May,2021,29,Completed vaccine series,0%,0%,0%,0%,0%,0%,2/11/2022
5+,2021,29,Completed vaccine series,57.20%,41.30%,38.30%,63.40%,24.80%,45.50%,2/11/2022
45-64,2021,29,Completed vaccine series,61.90%,69.30%,53.70%,84.10%,50.20%,72.40%,2/11/2022
19-44,2021,29,Completed vaccine series,52.40%,40.50%,37%,66.50%,30.50%,51.90%,2/11/2022
18-Dec,2021,29,Completed vaccine series,36.70%,26.50%,27.20%,57.70%,19.30%,34.10%,2/11/2022
12+,2021,29,Completed vaccine series,62.30%,49%,44.70%,72%,32.40%,54.60%,2/11/2022
65+,2021,28,At least one vaccine dose,94.10%,100%,79.70%,100%,80.10%,88.30%,2/11/2022
11-May,2021,28,At least one vaccine dose,0%,0%,0%,0%,0%,0%,2/11/2022
5+,2021,28,At least one vaccine dose,59.20%,45.50%,41.60%,66.70%,26.30%,49.30%,2/11/2022
45-64,2021,28,At least one vaccine dose,63.70%,74.40%,57.50%,87.10%,51.90%,76.40%,2/11/2022
19-44,2021,28,At least one vaccine dose,54.60%,45.40%,41.10%,70.40%,32.20%,56.60%,2/11/2022
18-Dec,2021,28,At least one vaccine dose,39.50%,31.30%,31.50%,63.10%,21.40%,39%,2/11/2022
12+,2021,28,At least one vaccine dose,64.50%,54%,48.50%,75.80%,34.20%,59.10%,2/11/2022
65+,2021,28,Completed vaccine series,91.50%,96.70%,77.40%,100%,77.40%,84%,2/11/2022
11-May,2021,28,Completed vaccine series,0%,0%,0%,0%,0%,0%,2/11/2022
5+,2021,28,Completed vaccine series,56.90%,40.60%,37.90%,62.70%,24.60%,44.80%,2/11/2022
45-64,2021,28,Completed vaccine series,61.60%,68.50%,53.40%,83.70%,49.90%,71.80%,2/11/2022
19-44,2021,28,Completed vaccine series,52.10%,39.60%,36.50%,65.90%,30.30%,51.10%,2/11/2022
18-Dec,2021,28,Completed vaccine series,35.90%,25.20%,26.20%,55.80%,18.80%,32.70%,2/11/2022
12+,2021,28,Completed vaccine series,62%,48.10%,44.30%,71.20%,32%,53.70%,2/11/2022
65+,2021,27,At least one vaccine dose,94%,100%,79.60%,100%,79.90%,87.90%,2/11/2022
11-May,2021,27,At least one vaccine dose,0%,0%,0%,0%,0%,0%,2/11/2022
5+,2021,27,At least one vaccine dose,58.90%,44.80%,41.20%,66.20%,26%,48.60%,2/11/2022
45-64,2021,27,At least one vaccine dose,63.40%,73.70%,57.20%,86.80%,51.70%,75.80%,2/11/2022
19-44,2021,27,At least one vaccine dose,54.30%,44.70%,40.60%,69.90%,32%,55.80%,2/11/2022
18-Dec,2021,27,At least one vaccine dose,38.70%,30%,30.60%,61.80%,20.80%,37.70%,2/11/2022
12+,2021,27,At least one vaccine dose,64.20%,53.10%,48.10%,75.20%,33.90%,58.30%,2/11/2022
65+,2021,27,Completed vaccine series,91.40%,96%,77%,100%,77.20%,83.50%,2/11/2022
11-May,2021,27,Completed vaccine series,0%,0%,0%,0%,0%,0%,2/11/2022
5+,2021,27,Completed vaccine series,56.60%,39.70%,37.40%,62%,24.30%,43.90%,2/11/2022
45-64,2021,27,Completed vaccine series,61.40%,67.60%,53.10%,83.10%,49.50%,70.90%,2/11/2022
19-44,2021,27,Completed vaccine series,51.80%,38.70%,35.90%,65.20%,30%,50.20%,2/11/2022
18-Dec,2021,27,Completed vaccine series,35%,23.70%,25%,53.50%,18.20%,31%,2/11/2022
12+,2021,27,Completed vaccine series,61.70%,47.10%,43.70%,70.40%,31.70%,52.60%,2/11/2022
65+,2021,26,At least one vaccine dose,93.90%,100%,79.40%,100%,79.80%,87.40%,2/11/2022
11-May,2021,26,At least one vaccine dose,0%,0%,0%,0%,0%,0%,2/11/2022
5+,2021,26,At least one vaccine dose,58.70%,44.20%,40.90%,65.70%,25.80%,47.90%,2/11/2022
45-64,2021,26,At least one vaccine dose,63.20%,73%,56.80%,86.40%,51.40%,75.20%,2/11/2022
19-44,2021,26,At least one vaccine dose,54.10%,43.90%,40.30%,69.30%,31.90%,55%,2/11/2022
18-Dec,2021,26,At least one vaccine dose,38.10%,28.90%,29.80%,60.30%,20.30%,36.60%,2/11/2022
12+,2021,26,At least one vaccine dose,63.90%,52.40%,47.70%,74.60%,33.60%,57.50%,2/11/2022
65+,2021,26,Completed vaccine series,91.30%,95.20%,76.80%,99.80%,76.90%,82.90%,2/11/2022
45-64,2021,26,Completed vaccine series,61.20%,66.50%,52.70%,82.60%,49.20%,70%,2/11/2022
19-44,2021,26,Completed vaccine series,51.50%,37.70%,35.40%,64.40%,29.70%,49.10%,2/11/2022
18-Dec,2021,26,Completed vaccine series,34%,22.20%,23.70%,50.80%,17.50%,29.30%,2/11/2022
12+,2021,26,Completed vaccine series,61.40%,46.10%,43.10%,69.50%,31.30%,51.50%,2/11/2022
65+,2021,25,At least one vaccine dose,93.70%,100%,79.40%,100%,79.60%,86.80%,2/11/2022
11-May,2021,25,At least one vaccine dose,0%,0%,0%,0%,0%,0%,2/11/2022
5+,2021,25,At least one vaccine dose,58.40%,43.40%,40.50%,65%,25.50%,47.10%,2/11/2022
45-64,2021,25,At least one vaccine dose,63%,72.10%,56.40%,85.90%,51.20%,74.50%,2/11/2022
19-44,2021,25,At least one vaccine dose,53.80%,43%,39.80%,68.70%,31.60%,54.10%,2/11/2022
18-Dec,2021,25,At least one vaccine dose,37.30%,27.50%,28.80%,58.50%,19.70%,35.10%,2/11/2022
12+,2021,25,At least one vaccine dose,63.70%,51.40%,47.20%,73.90%,33.30%,56.50%,2/11/2022
65+,2021,25,Completed vaccine series,91.10%,94.40%,76.60%,99.50%,76.80%,82.10%,2/11/2022
11-May,2021,25,Completed vaccine series,0%,0%,0%,0%,0%,0%,2/11/2022
5+,2021,25,Completed vaccine series,56%,37.80%,36.40%,60.20%,23.60%,41.80%,2/11/2022
45-64,2021,25,Completed vaccine series,60.90%,65.50%,52.30%,81.90%,48.90%,68.90%,2/11/2022
19-44,2021,25,Completed vaccine series,51.10%,36.60%,34.90%,63.50%,29.40%,47.90%,2/11/2022
18-Dec,2021,25,Completed vaccine series,32.60%,20.40%,22.10%,48%,16.70%,27.20%,2/11/2022
12+,2021,25,Completed vaccine series,61%,44.80%,42.50%,68.40%,30.80%,50.20%,2/11/2022
65+,2021,24,At least one vaccine dose,93.60%,99.50%,79.10%,100%,79.40%,86.30%,2/11/2022
11-May,2021,24,At least one vaccine dose,0%,0%,0%,0%,0%,0%,2/11/2022
5+,2021,24,At least one vaccine dose,58.10%,42.50%,39.90%,64.30%,25.20%,46.20%,2/11/2022
45-64,2021,24,At least one vaccine dose,62.70%,71.10%,56%,85.40%,50.80%,73.70%,2/11/2022
19-44,2021,24,At least one vaccine dose,53.50%,42.10%,39.10%,68%,31.30%,53.10%,2/11/2022
18-Dec,2021,24,At least one vaccine dose,36.40%,26%,27.50%,56.40%,19.10%,33.40%,2/11/2022
12+,2021,24,At least one vaccine dose,63.40%,50.40%,46.60%,73%,32.90%,55.40%,2/11/2022
65+,2021,24,Completed vaccine series,91%,93.40%,76.20%,99%,76.40%,81.40%,2/11/2022
11-May,2021,24,Completed vaccine series,0%,0%,0%,0%,0%,0%,2/11/2022
5+,2021,24,Completed vaccine series,55.50%,36.50%,35.60%,59.10%,23.10%,40.40%,2/11/2022
45-64,2021,24,Completed vaccine series,60.50%,64%,51.70%,81%,48.40%,67.50%,2/11/2022
19-44,2021,24,Completed vaccine series,50.60%,35.10%,34%,62.50%,28.90%,46.30%,2/11/2022
18-Dec,2021,24,Completed vaccine series,30.90%,18.10%,19.90%,44.30%,15.60%,24.60%,2/11/2022
12+,2021,24,Completed vaccine series,60.50%,43.30%,41.50%,67.10%,30.10%,48.50%,2/11/2022
65+,2021,23,At least one vaccine dose,93.50%,98.70%,78.60%,100%,79.10%,85.70%,2/11/2022
11-May,2021,23,At least one vaccine dose,0%,0%,0%,0%,0%,0%,2/11/2022
5+,2021,23,At least one vaccine dose,57.80%,41.50%,39.30%,63.40%,24.90%,45.20%,2/11/2022
45-64,2021,23,At least one vaccine dose,62.50%,70.10%,55.50%,84.80%,50.50%,72.70%,2/11/2022
19-44,2021,23,At least one vaccine dose,53.10%,40.90%,38.40%,67.20%,30.90%,52.10%,2/11/2022
18-Dec,2021,23,At least one vaccine dose,35.40%,24.20%,26.20%,53.40%,18.50%,31.40%,2/11/2022
12+,2021,23,At least one vaccine dose,63%,49.20%,45.80%,72%,32.50%,54.20%,2/11/2022
65+,2021,23,Completed vaccine series,90.70%,92.10%,75.80%,98.20%,76%,80.50%,2/11/2022
11-May,2021,23,Completed vaccine series,0%,0%,0%,0%,0%,0%,2/11/2022
5+,2021,23,Completed vaccine series,54.60%,34.60%,34.50%,57.10%,22.30%,38.40%,2/11/2022
45-64,2021,23,Completed vaccine series,59.80%,62%,50.90%,79.70%,47.70%,65.50%,2/11/2022
19-44,2021,23,Completed vaccine series,49.70%,33.10%,32.90%,60.70%,28.20%,44.20%,2/11/2022
18-Dec,2021,23,Completed vaccine series,27.30%,14.60%,15.90%,37.70%,13.60%,20.30%,2/11/2022
12+,2021,23,Completed vaccine series,59.50%,41.10%,40.20%,64.90%,29.10%,46%,2/11/2022
65+,2021,22,At least one vaccine dose,93.30%,97.80%,78.30%,100%,78.80%,84.80%,2/11/2022
11-May,2021,22,At least one vaccine dose,0%,0%,0%,0%,0%,0%,2/11/2022
5+,2021,22,At least one vaccine dose,57.40%,40.30%,38.60%,62.40%,24.50%,44%,2/11/2022
45-64,2021,22,At least one vaccine dose,62.10%,68.90%,55%,84.20%,50.10%,71.40%,2/11/2022
19-44,2021,22,At least one vaccine dose,52.70%,39.60%,37.60%,66.20%,30.60%,50.70%,2/11/2022
18-Dec,2021,22,At least one vaccine dose,34.10%,22.20%,24.30%,50.40%,17.60%,29.30%,2/11/2022
12+,2021,22,At least one vaccine dose,62.60%,47.80%,45%,70.90%,31.90%,52.80%,2/11/2022
65+,2021,22,Completed vaccine series,90.30%,90.50%,75.40%,97.30%,75.60%,79.30%,2/11/2022
11-May,2021,22,Completed vaccine series,0%,0%,0%,0%,0%,0%,2/11/2022
5+,2021,22,Completed vaccine series,53.10%,32.30%,33%,54.20%,20.70%,35.60%,2/11/2022
45-64,2021,22,Completed vaccine series,58.90%,59.60%,50.10%,78%,46.70%,63.30%,2/11/2022
19-44,2021,22,Completed vaccine series,48.50%,30.90%,31.80%,58.70%,27.20%,41.60%,2/11/2022
18-Dec,2021,22,Completed vaccine series,18.10%,9.10%,9.30%,25%,8.40%,13.10%,2/11/2022
12+,2021,22,Completed vaccine series,57.90%,38.30%,38.40%,61.60%,26.90%,42.70%,2/11/2022
65+,2021,21,At least one vaccine dose,93.10%,96.80%,78.10%,100%,78.50%,84.10%,2/11/2022
11-May,2021,21,At least one vaccine dose,0%,0%,0%,0%,0%,0%,2/11/2022
5+,2021,21,At least one vaccine dose,57%,39.10%,38%,61.40%,24%,42.70%,2/11/2022
45-64,2021,21,At least one vaccine dose,61.80%,67.50%,54.40%,83.40%,49.40%,70.10%,2/11/2022
19-44,2021,21,At least one vaccine dose,52.20%,38.30%,37%,65.30%,30.10%,49.20%,2/11/2022
18-Dec,2021,21,At least one vaccine dose,32.50%,20%,22.50%,47%,16.50%,26.70%,2/11/2022
12+,2021,21,At least one vaccine dose,62.10%,46.40%,44.30%,69.70%,31.30%,51.20%,2/11/2022
65+,2021,21,Completed vaccine series,89.90%,89.20%,74.90%,96.40%,75.20%,78%,2/11/2022
45-64,2021,21,Completed vaccine series,58%,57.50%,49.30%,76.10%,45.70%,61%,2/11/2022
19-44,2021,21,Completed vaccine series,47.40%,29.10%,31%,56.60%,26.40%,39.30%,2/11/2022
18-Dec,2021,21,Completed vaccine series,13.40%,7%,7.70%,19%,5.80%,10.10%,2/11/2022
12+,2021,21,Completed vaccine series,56.60%,36.40%,37.50%,59.10%,25.60%,40.30%,2/11/2022
65+,2021,20,At least one vaccine dose,92.90%,95.50%,77.70%,100%,78.10%,83%,2/11/2022
11-May,2021,20,At least one vaccine dose,0%,0%,0%,0%,0%,0%,2/11/2022
5+,2021,20,At least one vaccine dose,56.20%,37.20%,36.70%,59.50%,23.30%,40.70%,2/11/2022
45-64,2021,20,At least one vaccine dose,61.20%,65.60%,53.70%,82%,48.80%,68.30%,2/11/2022
19-44,2021,20,At least one vaccine dose,51.30%,36.20%,35.80%,63.60%,29.40%,47.10%,2/11/2022
18-Dec,2021,20,At least one vaccine dose,29.30%,16.60%,18%,41.20%,14.70%,22.80%,2/11/2022
12+,2021,20,At least one vaccine dose,61.20%,44.10%,42.80%,67.60%,30.30%,48.80%,2/11/2022
65+,2021,20,Completed vaccine series,89.30%,87.40%,74.30%,95.10%,74.50%,76.30%,2/11/2022
11-May,2021,20,Completed vaccine series,0%,0%,0%,0%,0%,0%,2/11/2022
5+,2021,20,Completed vaccine series,50.60%,28.70%,31.20%,49.20%,18.70%,31%,2/11/2022
45-64,2021,20,Completed vaccine series,56.40%,54.50%,48.10%,72.80%,44.10%,57.10%,2/11/2022
19-44,2021,20,Completed vaccine series,45.50%,26.60%,29.60%,52.80%,24.90%,35.80%,2/11/2022
18-Dec,2021,20,Completed vaccine series,12.20%,5.80%,7.10%,17.20%,5.10%,8.60%,2/11/2022
12+,2021,20,Completed vaccine series,55.20%,34.10%,36.40%,55.90%,24.40%,37.20%,2/11/2022
65+,2021,19,At least one vaccine dose,92.50%,93.70%,77.20%,99.20%,77.40%,81.80%,2/11/2022
11-May,2021,19,At least one vaccine dose,0%,0%,0%,0%,0%,0%,2/11/2022
5+,2021,19,At least one vaccine dose,54.50%,34.40%,35%,56.30%,21.40%,37.50%,2/11/2022
45-64,2021,19,At least one vaccine dose,60.10%,62.90%,52.80%,80.20%,47.70%,65.70%,2/11/2022
19-44,2021,19,At least one vaccine dose,49.90%,33.50%,34.50%,61.20%,28.30%,44.20%,2/11/2022
18-Dec,2021,19,At least one vaccine dose,19.50%,10.10%,10.40%,26.90%,9.20%,14.40%,2/11/2022
12+,2021,19,At least one vaccine dose,59.40%,40.90%,40.80%,63.90%,28%,45%,2/11/2022
65+,2021,19,Completed vaccine series,88.40%,84.70%,73.50%,92.90%,72.90%,74.40%,2/11/2022
45-64,2021,19,Completed vaccine series,53.50%,50%,46.60%,66.40%,41.10%,52%,2/11/2022
19-44,2021,19,Completed vaccine series,42%,23%,27.90%,46.10%,22.30%,30.80%,2/11/2022
18-Dec,2021,19,Completed vaccine series,9.60%,3.80%,5.80%,12.30%,3.90%,5.90%,2/11/2022
12+,2021,19,Completed vaccine series,52.50%,30.50%,34.90%,49.80%,22.10%,32.80%,2/11/2022
65+,2021,18,At least one vaccine dose,92%,92.50%,76.60%,98.40%,77%,80.60%,2/11/2022
45-64,2021,18,At least one vaccine dose,59.10%,60.70%,51.90%,78.60%,46.70%,63.50%,2/11/2022
19-44,2021,18,At least one vaccine dose,48.60%,31.50%,33.40%,59.20%,27.40%,41.80%,2/11/2022
18-Dec,2021,18,At least one vaccine dose,14%,7.70%,8.40%,20%,6%,11%,2/11/2022
12+,2021,18,At least one vaccine dose,58%,38.80%,39.70%,61.50%,26.40%,42.50%,2/11/2022
65+,2021,18,Completed vaccine series,87.40%,82.30%,72.70%,90.60%,71.60%,72.30%,2/11/2022
45-64,2021,18,Completed vaccine series,49.60%,45.70%,44.80%,58.70%,37.50%,46.20%,2/11/2022
19-44,2021,18,Completed vaccine series,37.50%,19.90%,25.90%,38.30%,19.40%,26%,2/11/2022
18-Dec,2021,18,Completed vaccine series,6.90%,2.50%,4.50%,8%,2.60%,3.90%,2/11/2022
12+,2021,18,Completed vaccine series,49.10%,27.60%,33.20%,42.90%,19.70%,28.40%,2/11/2022
65+,2021,17,At least one vaccine dose,91.40%,90.80%,76.20%,97.30%,76.40%,79%,2/11/2022
11-May,2021,17,At least one vaccine dose,0%,0%,0%,0%,0%,0%,2/11/2022
5+,2021,17,At least one vaccine dose,52%,30.90%,33.20%,51.80%,19.40%,33.40%,2/11/2022
45-64,2021,17,At least one vaccine dose,57.70%,57.90%,50.90%,75.80%,45.30%,60.70%,2/11/2022
19-44,2021,17,At least one vaccine dose,47%,29.20%,32.20%,56.30%,26.10%,39%,2/11/2022
18-Dec,2021,17,At least one vaccine dose,12.90%,6.40%,7.80%,18.20%,5.40%,9.60%,2/11/2022
12+,2021,17,At least one vaccine dose,56.70%,36.60%,38.70%,58.80%,25.30%,40.10%,2/11/2022
65+,2021,17,Completed vaccine series,86.30%,79.80%,72%,88.50%,70.30%,70.40%,2/11/2022
11-May,2021,17,Completed vaccine series,0%,0%,0%,0%,0%,0%,2/11/2022
5+,2021,17,Completed vaccine series,41.70%,21%,27.10%,32.50%,13.30%,20.70%,2/11/2022
45-64,2021,17,Completed vaccine series,44.90%,41.50%,43.10%,51%,33.90%,41%,2/11/2022
19-44,2021,17,Completed vaccine series,33%,17.50%,24.10%,31.60%,16.60%,22.10%,2/11/2022
18-Dec,2021,17,Completed vaccine series,4.80%,1.60%,3.30%,5.20%,1.60%,2.60%,2/11/2022
12+,2021,17,Completed vaccine series,45.50%,25%,31.60%,36.90%,17.30%,24.90%,2/11/2022
65+,2021,16,At least one vaccine dose,90.70%,88.60%,75.60%,95.50%,75.30%,77.10%,2/11/2022
11-May,2021,16,At least one vaccine dose,0%,0%,0%,0%,0%,0%,2/11/2022
5+,2021,16,At least one vaccine dose,50%,28%,32%,47.10%,17.90%,29.80%,2/11/2022
45-64,2021,16,At least one vaccine dose,55.40%,53.70%,49.40%,70.50%,42.70%,55.70%,2/11/2022
19-44,2021,16,At least one vaccine dose,44.20%,25.60%,30.70%,50.30%,23.90%,34.20%,2/11/2022
18-Dec,2021,16,At least one vaccine dose,10.50%,4.40%,6.50%,13.50%,4.30%,6.90%,2/11/2022
12+,2021,16,At least one vaccine dose,54.50%,33.20%,37.30%,53.50%,23.40%,35.70%,2/11/2022
65+,2021,16,Completed vaccine series,84.90%,77.30%,71.10%,86.10%,68.90%,68.30%,2/11/2022
45-64,2021,16,Completed vaccine series,39.80%,37.50%,41.20%,43.10%,30.20%,35.60%,2/11/2022
19-44,2021,16,Completed vaccine series,28.30%,15.60%,22.20%,25.70%,13.90%,18.40%,2/11/2022
18-Dec,2021,16,Completed vaccine series,3.10%,1.20%,2.40%,3.20%,0.90%,1.70%,2/11/2022
12+,2021,16,Completed vaccine series,41.60%,22.70%,30%,31.30%,15.10%,21.40%,2/11/2022
65+,2021,15,At least one vaccine dose,89.80%,86%,74.80%,93.10%,73.90%,75%,2/11/2022
11-May,2021,15,At least one vaccine dose,0%,0%,0%,0%,0%,0%,2/11/2022
5+,2021,15,At least one vaccine dose,47.20%,25.30%,30.60%,40.70%,16.10%,26.10%,2/11/2022
45-64,2021,15,At least one vaccine dose,52%,49.50%,47.80%,62.60%,39.30%,50.10%,2/11/2022
19-44,2021,15,At least one vaccine dose,40.10%,22.40%,28.70%,42.10%,21%,29.20%,2/11/2022
18-Dec,2021,15,At least one vaccine dose,7.60%,2.90%,5.40%,9%,2.90%,4.60%,2/11/2022
12+,2021,15,At least one vaccine dose,51.40%,30%,35.70%,46.30%,20.90%,31.20%,2/11/2022
65+,2021,15,Completed vaccine series,83.20%,73.60%,70.10%,82.80%,66.90%,65.30%,2/11/2022
45-64,2021,15,Completed vaccine series,33.60%,32.30%,38.90%,35.10%,25.80%,28.90%,2/11/2022
19-44,2021,15,Completed vaccine series,24.40%,13.80%,20.70%,21.50%,11.90%,15.40%,2/11/2022
18-Dec,2021,15,Completed vaccine series,2%,0.80%,1.60%,2%,0.60%,1.10%,2/11/2022
12+,2021,15,Completed vaccine series,37.70%,20.20%,28.40%,26.70%,13.20%,18%,2/11/2022
65+,2021,14,At least one vaccine dose,88.80%,83.30%,74.10%,90.80%,72.50%,72.70%,2/11/2022
45-64,2021,14,At least one vaccine dose,47.30%,44.70%,46%,54.10%,35.60%,43.90%,2/11/2022
19-44,2021,14,At least one vaccine dose,35.50%,19.30%,26.60%,34.40%,17.90%,24.50%,2/11/2022
18-Dec,2021,14,At least one vaccine dose,5.30%,1.80%,3.70%,5.80%,1.80%,2.90%,2/11/2022
12+,2021,14,At least one vaccine dose,47.70%,26.90%,33.90%,39.40%,18.40%,26.90%,2/11/2022
65+,2021,14,Completed vaccine series,80.60%,67.80%,68.30%,78.10%,63.90%,61.30%,2/11/2022
45-64,2021,14,Completed vaccine series,27.20%,26.20%,35.80%,26.70%,20.80%,20.10%,2/11/2022
19-44,2021,14,Completed vaccine series,20.90%,11.90%,18.90%,17.70%,10.10%,11.80%,2/11/2022
18-Dec,2021,14,Completed vaccine series,1.30%,0.60%,0.80%,1.30%,0.40%,0.70%,2/11/2022
12+,2021,14,Completed vaccine series,33.70%,17.30%,26.40%,22.20%,11.40%,13.90%,2/11/2022
65+,2021,13,At least one vaccine dose,87.20%,79.70%,73.10%,87.60%,70.80%,70.70%,2/11/2022
11-May,2021,13,At least one vaccine dose,0%,0%,0%,0%,0%,0%,2/11/2022
5+,2021,13,At least one vaccine dose,39.10%,19.70%,27.20%,27.70%,11.80%,18.70%,2/11/2022
45-64,2021,13,At least one vaccine dose,40.80%,39.10%,43.40%,43.50%,30.80%,37.60%,2/11/2022
19-44,2021,13,At least one vaccine dose,28.60%,15.80%,24.10%,25.70%,14.10%,19.30%,2/11/2022
18-Dec,2021,13,At least one vaccine dose,3.30%,1.20%,2.70%,3.40%,1%,1.90%,2/11/2022
12+,2021,13,At least one vaccine dose,42.60%,23.40%,31.80%,31.50%,15.40%,22.40%,2/11/2022
65+,2021,13,Completed vaccine series,75.10%,60%,66.10%,70.40%,58.80%,55.20%,2/11/2022
45-64,2021,13,Completed vaccine series,20.20%,20.70%,32.50%,18.40%,16.20%,13.90%,2/11/2022
19-44,2021,13,Completed vaccine series,16.30%,9.40%,16.70%,12.80%,7.80%,8.70%,2/11/2022
18-Dec,2021,13,Completed vaccine series,0.70%,0.30%,0.50%,0.70%,0.20%,0.40%,2/11/2022
12+,2021,13,Completed vaccine series,28.50%,14.10%,24.10%,16.90%,9.20%,10.50%,2/11/2022
65+,2021,12,At least one vaccine dose,85.40%,76.50%,71.90%,84.20%,68.60%,67.90%,2/11/2022
45-64,2021,12,At least one vaccine dose,34.20%,33.10%,40.90%,34.70%,25.80%,30.70%,2/11/2022
19-44,2021,12,At least one vaccine dose,23.50%,13.30%,21.80%,19.90%,11.20%,15.40%,2/11/2022
18-Dec,2021,12,At least one vaccine dose,2%,0.80%,1.80%,2%,0.60%,1.20%,2/11/2022
12+,2021,12,At least one vaccine dose,38%,20.30%,29.70%,25.80%,12.90%,18.50%,2/11/2022
65+,2021,12,Completed vaccine series,65.50%,50.60%,62.20%,59.60%,50.30%,46.70%,2/11/2022
45-64,2021,12,Completed vaccine series,16.20%,16.90%,29.90%,14.20%,13%,10.50%,2/11/2022
19-44,2021,12,Completed vaccine series,13.80%,7.80%,14.30%,10.50%,6.30%,7%,2/11/2022
18-Dec,2021,12,Completed vaccine series,0.50%,0.20%,0.40%,0.40%,0.10%,0.30%,2/11/2022
12+,2021,12,Completed vaccine series,24.20%,11.70%,21.90%,13.70%,7.50%,8.40%,2/11/2022
65+,2021,11,At least one vaccine dose,83.40%,71.90%,70.40%,80.60%,66.10%,64.40%,2/11/2022
45-64,2021,11,At least one vaccine dose,27.80%,27%,38%,25.90%,21.10%,22.70%,2/11/2022
19-44,2021,11,At least one vaccine dose,19.90%,11.30%,19.60%,16%,9.50%,11.80%,2/11/2022
18-Dec,2021,11,At least one vaccine dose,1.30%,0.50%,1.10%,1.30%,0.40%,0.70%,2/11/2022
12+,2021,11,At least one vaccine dose,34.10%,17.40%,27.60%,21.20%,11.20%,14.60%,2/11/2022
65+,2021,11,Completed vaccine series,53.60%,42%,58.60%,45.70%,40.90%,38.30%,2/11/2022
45-64,2021,11,Completed vaccine series,14.10%,14.70%,27.30%,12.10%,11.50%,8.80%,2/11/2022
19-44,2021,11,Completed vaccine series,12.30%,6.80%,12.40%,9.30%,5.60%,6%,2/11/2022
18-Dec,2021,11,Completed vaccine series,0.40%,0.20%,0.30%,0.30%,0.10%,0.20%,2/11/2022
12+,2021,11,Completed vaccine series,20.50%,10%,19.90%,11.50%,6.50%,7.10%,2/11/2022
65+,2021,10,At least one vaccine dose,80.20%,65.90%,68.60%,75.30%,62.50%,60.20%,2/11/2022
11-May,2021,10,At least one vaccine dose,0%,0%,0%,0%,0%,0%,2/11/2022
5+,2021,10,At least one vaccine dose,27.70%,12.60%,21.90%,15.40%,7.30%,9%,2/11/2022
45-64,2021,10,At least one vaccine dose,21.50%,21.70%,34.70%,18.80%,16.90%,14.70%,2/11/2022
19-44,2021,10,At least one vaccine dose,16.90%,9.80%,17.70%,13.10%,8%,8.40%,2/11/2022
18-Dec,2021,10,At least one vaccine dose,0.80%,0.40%,0.70%,0.80%,0.20%,0.40%,2/11/2022
12+,2021,10,At least one vaccine dose,30.20%,14.90%,25.60%,17.50%,9.50%,10.80%,2/11/2022
65+,2021,10,Completed vaccine series,43.60%,35.10%,54.80%,34.90%,34.40%,31.40%,2/11/2022
45-64,2021,10,Completed vaccine series,12.80%,12.90%,24.90%,10.80%,10.40%,7.30%,2/11/2022
19-44,2021,10,Completed vaccine series,11.30%,6.10%,10.60%,8.50%,5%,5.10%,2/11/2022
18-Dec,2021,10,Completed vaccine series,0.30%,0.10%,0.20%,0.30%,0.10%,0.20%,2/11/2022
12+,2021,10,Completed vaccine series,17.60%,8.70%,17.90%,9.90%,5.70%,5.90%,2/11/2022
65+,2021,9,At least one vaccine dose,71.10%,53.80%,65%,62.80%,53.50%,50.80%,2/11/2022
11-May,2021,9,At least one vaccine dose,0%,0%,0%,0%,0%,0%,2/11/2022
5+,2021,9,At least one vaccine dose,23.80%,10.60%,20.30%,12.50%,6.10%,7.20%,2/11/2022
45-64,2021,9,At least one vaccine dose,16.90%,18.30%,32.20%,14.10%,13.90%,10.70%,2/11/2022
19-44,2021,9,At least one vaccine dose,14.60%,8.60%,16%,10.90%,6.70%,6.90%,2/11/2022
18-Dec,2021,9,At least one vaccine dose,0.50%,0.30%,0.50%,0.40%,0.20%,0.30%,2/11/2022
12+,2021,9,At least one vaccine dose,25.90%,12.60%,23.70%,14.20%,8%,8.60%,2/11/2022
65+,2021,9,Completed vaccine series,33.90%,26.60%,50.60%,24.60%,25.80%,24.20%,2/11/2022
45-64,2021,9,Completed vaccine series,11%,11.10%,21.40%,9.40%,8.90%,6.10%,2/11/2022
19-44,2021,9,Completed vaccine series,10.10%,5.30%,8.70%,7.70%,4.30%,4.50%,2/11/2022
18-Dec,2021,9,Completed vaccine series,0.30%,0.10%,0%,0.20%,0.10%,0.20%,2/11/2022
12+,2021,9,Completed vaccine series,14.50%,7.30%,15.60%,8.40%,4.80%,5%,2/11/2022
65+,2021,8,At least one vaccine dose,57.20%,44.30%,60.90%,47.80%,42.80%,40.20%,2/11/2022
45-64,2021,8,At least one vaccine dose,15%,16.10%,30.50%,12.10%,12.30%,8.90%,2/11/2022
19-44,2021,8,At least one vaccine dose,13.20%,7.70%,14.50%,9.60%,6%,6.10%,2/11/2022
18-Dec,2021,8,At least one vaccine dose,0.50%,0.20%,0.50%,0.40%,0.10%,0.30%,2/11/2022
12+,2021,8,At least one vaccine dose,21.80%,11%,22%,11.90%,6.90%,7.30%,2/11/2022
65+,2021,8,Completed vaccine series,24.50%,19.40%,45.50%,17.10%,19%,16.60%,2/11/2022
45-64,2021,8,Completed vaccine series,9.20%,9.20%,17.40%,8.10%,7.40%,4.90%,2/11/2022
19-44,2021,8,Completed vaccine series,8.70%,4.50%,6.60%,6.70%,3.60%,3.70%,2/11/2022
18-Dec,2021,8,Completed vaccine series,0.30%,0.10%,0%,0.20%,0.10%,0.10%,2/11/2022
12+,2021,8,Completed vaccine series,11.40%,5.90%,12.90%,6.90%,3.80%,3.90%,2/11/2022
65+,2021,7,At least one vaccine dose,45.70%,36.60%,57.50%,35.90%,35%,32.70%,2/11/2022
45-64,2021,7,At least one vaccine dose,13.20%,14.40%,28.50%,10.70%,10.90%,7.60%,2/11/2022
19-44,2021,7,At least one vaccine dose,11.80%,6.90%,13%,8.60%,5.30%,5.40%,2/11/2022
18-Dec,2021,7,At least one vaccine dose,0.40%,0.20%,0.30%,0.30%,0.10%,0.20%,2/11/2022
12+,2021,7,At least one vaccine dose,18.30%,9.60%,20.40%,10.10%,6%,6.20%,2/11/2022
65+,2021,7,Completed vaccine series,16.70%,11.30%,39%,10.70%,12.90%,9.60%,2/11/2022
45-64,2021,7,Completed vaccine series,7.60%,7.30%,13.60%,7%,6.10%,3.80%,2/11/2022
19-44,2021,7,Completed vaccine series,7.40%,3.60%,5.10%,5.80%,3%,3%,2/11/2022
18-Dec,2021,7,Completed vaccine series,0.20%,0.10%,0%,0.10%,0%,0.10%,2/11/2022
12+,2021,7,Completed vaccine series,8.70%,4.40%,10.50%,5.70%,3.10%,2.90%,2/11/2022
65+,2021,6,At least one vaccine dose,39.30%,31.10%,54.80%,28.50%,30.20%,27.70%,2/11/2022
45-64,2021,6,At least one vaccine dose,12.40%,13.10%,26.10%,10%,10.20%,7%,2/11/2022
19-44,2021,6,At least one vaccine dose,11.20%,6.30%,11.20%,8.20%,4.90%,5.10%,2/11/2022
18-Dec,2021,6,At least one vaccine dose,0.40%,0.10%,0.30%,0.30%,0.10%,0.20%,2/11/2022
12+,2021,6,At least one vaccine dose,16.50%,8.60%,18.60%,9.10%,5.40%,5.70%,2/11/2022
65+,2021,6,Completed vaccine series,8%,5.20%,30.70%,4.30%,7.50%,4.20%,2/11/2022
45-64,2021,6,Completed vaccine series,6%,5.90%,10%,5.90%,4.90%,3%,2/11/2022
19-44,2021,6,Completed vaccine series,6%,2.90%,3.80%,4.80%,2.40%,2.40%,2/11/2022
18-Dec,2021,6,Completed vaccine series,0.20%,0%,0%,0.10%,0%,0.10%,2/11/2022
12+,2021,6,Completed vaccine series,5.80%,3.30%,8%,4.40%,2.30%,2.20%,2/11/2022
65+,2021,5,At least one vaccine dose,30.30%,24.30%,51.10%,20.80%,23.40%,21%,2/11/2022
11-May,2021,5,At least one vaccine dose,0%,0%,0%,0%,0%,0%,2/11/2022
5+,2021,5,At least one vaccine dose,12.60%,6.20%,13.90%,7.10%,3.60%,4%,2/11/2022
45-64,2021,5,At least one vaccine dose,11%,11.50%,22.70%,9.20%,8.90%,6.10%,2/11/2022
19-44,2021,5,At least one vaccine dose,10.20%,5.60%,9.30%,7.60%,4.30%,4.60%,2/11/2022
18-Dec,2021,5,At least one vaccine dose,0.30%,0.10%,0%,0.30%,0.10%,0.20%,2/11/2022
12+,2021,5,At least one vaccine dose,13.80%,7.40%,16.30%,8%,4.70%,4.80%,2/11/2022
65+,2021,5,Completed vaccine series,3.10%,3%,23.20%,2%,4.10%,1.90%,2/11/2022
45-64,2021,5,Completed vaccine series,4.50%,4.60%,7.30%,5%,3.90%,2.20%,2/11/2022
19-44,2021,5,Completed vaccine series,4.80%,2.20%,2.80%,4%,1.90%,1.80%,2/11/2022
18-Dec,2021,5,Completed vaccine series,0.10%,0%,0%,0.10%,0%,0.10%,2/11/2022
12+,2021,5,Completed vaccine series,3.90%,2.50%,5.90%,3.50%,1.70%,1.60%,2/11/2022
65+,2021,4,At least one vaccine dose,21.20%,17.20%,45.80%,14.30%,16.90%,14.20%,2/11/2022
45-64,2021,4,At least one vaccine dose,9.20%,9.40%,18.40%,8.10%,7.50%,4.90%,2/11/2022
19-44,2021,4,At least one vaccine dose,8.80%,4.60%,6.90%,6.70%,3.70%,3.80%,2/11/2022
18-Dec,2021,4,At least one vaccine dose,0.30%,0.10%,0%,0.20%,0.10%,0.10%,2/11/2022
12+,2021,4,At least one vaccine dose,10.70%,5.90%,13.40%,6.80%,3.80%,3.80%,2/11/2022
65+,2021,4,Completed vaccine series,1.60%,1.80%,14%,1.40%,2.10%,1.10%,2/11/2022
45-64,2021,4,Completed vaccine series,3.30%,3.20%,5.30%,3.90%,3%,1.60%,2/11/2022
19-44,2021,4,Completed vaccine series,3.70%,1.60%,2.20%,3.10%,1.50%,1.30%,2/11/2022
18-Dec,2021,4,Completed vaccine series,0.10%,0%,0%,0%,0%,0%,2/11/2022
12+,2021,4,Completed vaccine series,2.80%,1.80%,4.10%,2.70%,1.30%,1.10%,2/11/2022
65+,2021,3,At least one vaccine dose,11%,8.20%,38.70%,7.20%,9.80%,6.40%,2/11/2022
45-64,2021,3,At least one vaccine dose,7%,7.30%,14.10%,6.60%,5.80%,3.50%,2/11/2022
19-44,2021,3,At least one vaccine dose,6.80%,3.50%,5.10%,5.40%,2.80%,2.80%,2/11/2022
18-Dec,2021,3,At least one vaccine dose,0.20%,0.10%,0%,0.10%,0%,0.10%,2/11/2022
12+,2021,3,At least one vaccine dose,7.10%,4.20%,10.60%,5.20%,2.80%,2.60%,2/11/2022
65+,2021,3,Completed vaccine series,0.60%,0.50%,5.90%,0.60%,0.80%,0.30%,2/11/2022
45-64,2021,3,Completed vaccine series,2%,1.60%,2.30%,2.60%,1.90%,0.90%,2/11/2022
19-44,2021,3,Completed vaccine series,2.30%,0.90%,1.10%,1.90%,1%,0.80%,2/11/2022
18-Dec,2021,3,Completed vaccine series,0%,0%,0%,0%,0%,0%,2/11/2022
12+,2021,3,Completed vaccine series,1.60%,0.90%,1.80%,1.70%,0.80%,0.60%,2/11/2022
65+,2021,2,At least one vaccine dose,5.40%,4.30%,30.30%,2.80%,6.10%,3%,2/11/2022
45-64,2021,2,At least one vaccine dose,5.30%,5.60%,9.80%,5.40%,4.50%,2.70%,2/11/2022
19-44,2021,2,At least one vaccine dose,5.40%,2.80%,3.70%,4.50%,2.20%,2.20%,2/11/2022
18-Dec,2021,2,At least one vaccine dose,0.10%,0%,0%,0.10%,0%,0.10%,2/11/2022
12+,2021,2,At least one vaccine dose,4.90%,3.10%,7.80%,4%,2.10%,1.90%,2/11/2022
65+,2021,2,Completed vaccine series,0.30%,0.30%,4.90%,0.40%,0.60%,0.20%,2/11/2022
45-64,2021,2,Completed vaccine series,1.10%,0.90%,1.80%,1.60%,1.40%,0.50%,2/11/2022
19-44,2021,2,Completed vaccine series,1.40%,0.40%,0.80%,1.10%,0.60%,0.40%,2/11/2022
18-Dec,2021,2,Completed vaccine series,0%,0%,0%,0%,0%,0%,2/11/2022
12+,2021,2,Completed vaccine series,1%,0.50%,1.40%,1%,0.60%,0.40%,2/11/2022
65+,2021,1,At least one vaccine dose,2.80%,2.80%,23.20%,1.80%,3.90%,1.80%,2/11/2022
45-64,2021,1,At least one vaccine dose,4.10%,4.20%,7.40%,4.40%,3.70%,2%,2/11/2022
19-44,2021,1,At least one vaccine dose,4.40%,2.10%,2.80%,3.50%,1.70%,1.70%,2/11/2022
18-Dec,2021,1,At least one vaccine dose,0.10%,0%,0%,0.10%,0%,0%,2/11/2022
12+,2021,1,At least one vaccine dose,3.50%,2.30%,5.90%,3.10%,1.60%,1.40%,2/11/2022
65+,2021,1,Completed vaccine series,0.10%,0.10%,4.40%,0.10%,0%,0%,2/11/2022
45-64,2021,1,Completed vaccine series,0.30%,0.30%,1.20%,0.50%,0.50%,0.10%,2/11/2022
19-44,2021,1,Completed vaccine series,0.30%,0.10%,0.40%,0.30%,0.20%,0.10%,2/11/2022
18-Dec,2021,1,Completed vaccine series,0%,0%,0%,0%,0%,0%,2/11/2022
12+,2021,1,Completed vaccine series,0.20%,0.10%,1%,0.30%,0.20%,0.10%,2/11/2022
65+,2020,53,At least one vaccine dose,1.30%,1.50%,11.40%,1%,1.60%,0.90%,2/11/2022
45-64,2020,53,At least one vaccine dose,2.40%,2.40%,3.70%,2.90%,2.30%,1.10%,2/11/2022
19-44,2020,53,At least one vaccine dose,2.70%,1.20%,1.70%,2.20%,1.10%,0.90%,2/11/2022
18-Dec,2020,53,At least one vaccine dose,0%,0%,0%,0%,0%,0%,2/11/2022
12+,2020,53,At least one vaccine dose,2.10%,1.30%,3.10%,2%,1%,0.80%,2/11/2022
65+,2020,53,Completed vaccine series,0%,0%,0%,0%,0%,0%,2/11/2022
45-64,2020,53,Completed vaccine series,0%,0%,0%,0%,0%,0%,2/11/2022
19-44,2020,53,Completed vaccine series,0%,0%,0%,0%,0%,0%,2/11/2022
18-Dec,2020,53,Completed vaccine series,0%,0%,0%,0%,0%,0%,2/11/2022
12+,2020,53,Completed vaccine series,0%,0%,0%,0%,0%,0%,2/11/2022
65+,2020,52,At least one vaccine dose,0.30%,0.30%,5.40%,0.30%,0.40%,0.20%,2/11/2022
45-64,2020,52,At least one vaccine dose,1.10%,0.90%,1.90%,1.60%,1.30%,0.50%,2/11/2022
19-44,2020,52,At least one vaccine dose,1.40%,0.40%,0.90%,1.10%,0.60%,0.50%,2/11/2022
18-Dec,2020,52,At least one vaccine dose,0%,0%,0%,0%,0%,0%,2/11/2022
12+,2020,52,At least one vaccine dose,1%,0.50%,1.60%,1%,0.50%,0.40%,2/11/2022
65+,2020,52,Completed vaccine series,0%,0%,0%,0%,0%,0%,2/11/2022
45-64,2020,52,Completed vaccine series,0%,0%,0%,0%,0%,0%,2/11/2022
19-44,2020,52,Completed vaccine series,0%,0%,0%,0%,0%,0%,2/11/2022
65+,2020,51,At least one vaccine dose,0%,0%,4.30%,0%,0%,0%,2/11/2022
45-64,2020,51,At least one vaccine dose,0.20%,0.10%,1.10%,0.20%,0.20%,0.10%,2/11/2022
19-44,2020,51,At least one vaccine dose,0.20%,0%,0.40%,0.10%,0.10%,0.10%,2/11/2022
18-Dec,2020,51,At least one vaccine dose,0%,0%,0%,0%,0%,0%,2/11/2022
12+,2020,51,At least one vaccine dose,0.10%,0.10%,1%,0.10%,0.10%,0.10%,2/11/2022
65+,2020,51,Completed vaccine series,0%,0%,0%,0%,0%,0%,2/11/2022
45-64,2020,51,Completed vaccine series,0%,0%,0%,0%,0%,0%,2/11/2022
19-44,2020,51,Completed vaccine series,0%,0%,0%,0%,0%,0%,2/11/2022
18-Dec,2020,51,Completed vaccine series,0%,0%,0%,0%,0%,0%,2/11/2022
65+,2020,50,At least one vaccine dose,0%,0%,0%,0%,0%,0%,2/11/2022
45-64,2020,50,At least one vaccine dose,0%,0%,0%,0%,0%,0%,2/11/2022
19-44,2020,50,At least one vaccine dose,0%,0%,0%,0%,0%,0%,2/11/2022
65+,2020,50,Completed vaccine series,0%,0%,0%,0%,0%,0%,2/11/2022
45-64,2020,50,Completed vaccine series,0%,0%,0%,0%,0%,0%,2/11/2022
19-44,2020,50,Completed vaccine series,0%,0%,0%,0%,0%,0%,2/11/2022
65+,2020,49,At least one vaccine dose,0%,0%,0%,0%,0%,0%,2/11/2022
45-64,2020,49,At least one vaccine dose,0%,0%,0%,0%,0%,0%,2/11/2022
19-44,2020,49,At least one vaccine dose,0%,0%,0%,0%,0%,0%,2/11/2022
65+,2020,49,Completed vaccine series,0%,0%,0%,0%,0%,0%,2/11/2022
45-64,2020,49,Completed vaccine series,0%,0%,0%,0%,0%,0%,2/11/2022
19-44,2020,49,Completed vaccine series,0%,0%,0%,0%,0%,0%,2/11/2022
65+,2020,48,At least one vaccine dose,0%,0%,0%,0%,0%,0%,2/11/2022
45-64,2020,48,At least one vaccine dose,0%,0%,0%,0%,0%,0%,2/11/2022
19-44,2020,48,At least one vaccine dose,0%,0%,0%,0%,0%,0%,2/11/2022
65+,2020,48,Completed vaccine series,0%,0%,0%,0%,0%,0%,2/11/2022
45-64,2020,48,Completed vaccine series,0%,0%,0%,0%,0%,0%,2/11/2022
19-44,2020,48,Completed vaccine series,0%,0%,0%,0%,0%,0%,2/11/2022
65+,2020,47,At least one vaccine dose,0%,0%,0%,0%,0%,0%,2/11/2022
45-64,2020,47,At least one vaccine dose,0%,0%,0%,0%,0%,0%,2/11/2022
19-44,2020,47,At least one vaccine dose,0%,0%,0%,0%,0%,0%,2/11/2022
18-Dec,2020,47,At least one vaccine dose,0%,0%,0%,0%,0%,0%,2/11/2022
65+,2020,47,Completed vaccine series,0%,0%,0%,0%,0%,0%,2/11/2022
45-64,2020,47,Completed vaccine series,0%,0%,0%,0%,0%,0%,2/11/2022
19-44,2020,47,Completed vaccine series,0%,0%,0%,0%,0%,0%,2/11/2022
65+,2020,46,At least one vaccine dose,0%,0%,0%,0%,0%,0%,2/11/2022
45-64,2020,46,At least one vaccine dose,0%,0%,0%,0%,0%,0%,2/11/2022
19-44,2020,46,At least one vaccine dose,0%,0%,0%,0%,0%,0%,2/11/2022
65+,2020,46,Completed vaccine series,0%,0%,0%,0%,0%,0%,2/11/2022
45-64,2020,46,Completed vaccine series,0%,0%,0%,0%,0%,0%,2/11/2022
19-44,2020,46,Completed vaccine series,0%,0%,0%,0%,0%,0%,2/11/2022
65+,2020,45,At least one vaccine dose,0%,0%,0%,0%,0%,0%,2/11/2022
45-64,2020,45,At least one vaccine dose,0%,0%,0%,0%,0%,0%,2/11/2022
19-44,2020,45,At least one vaccine dose,0%,0%,0%,0%,0%,0%,2/11/2022
65+,2020,45,Completed vaccine series,0%,0%,0%,0%,0%,0%,2/11/2022
45-64,2020,45,Completed vaccine series,0%,0%,0%,0%,0%,0%,2/11/2022
19-44,2020,45,Completed vaccine series,0%,0%,0%,0%,0%,0%,2/11/2022
65+,2020,44,At least one vaccine dose,0%,0%,0%,0%,0%,0%,2/11/2022
45-64,2020,44,At least one vaccine dose,0%,0%,0%,0%,0%,0%,2/11/2022
19-44,2020,44,At least one vaccine dose,0%,0%,0%,0%,0%,0%,2/11/2022
45-64,2020,44,Completed vaccine series,0%,0%,0%,0%,0%,0%,2/11/2022
19-44,2020,44,Completed vaccine series,0%,0%,0%,0%,0%,0%,2/11/2022
65+,2020,43,At least one vaccine dose,0%,0%,0%,0%,0%,0%,2/11/2022
19-44,2020,43,At least one vaccine dose,0%,0%,0%,0%,0%,0%,2/11/2022
65+,2020,42,Completed vaccine series,0%,0%,0%,0%,0%,0%,2/11/2022
19-44,2020,42,Completed vaccine series,0%,0%,0%,0%,0%,0%,2/11/2022
19-44,2020,41,At least one vaccine dose,0%,0%,0%,0%,0%,0%,2/11/2022
65+,2020,41,Completed vaccine series,0%,0%,0%,0%,0%,0%,2/11/2022
19-44,2020,40,Completed vaccine series,0%,0%,0%,0%,0%,0%,2/11/2022
